estado,municipio,pcu,Viviendas_En_Proceso,Viviendas_Terminadas,Total_Competencia_Formal
AGUASCALIENTES,AGUASCALIENTES,FC,1604.0,216.0,1820.0
AGUASCALIENTES,AGUASCALIENTES,U1,4025.0,2130.0,6155.0
AGUASCALIENTES,AGUASCALIENTES,U2,23692.0,18647.0,42339.0
AGUASCALIENTES,AGUASCALIENTES,U3,48895.0,23889.0,72784.0
AGUASCALIENTES,CALVILLO,FC,217.0,14.0,231.0
AGUASCALIENTES,CALVILLO,U1,4.0,5.0,9.0
AGUASCALIENTES,CALVILLO,U2,179.0,6.0,185.0
AGUASCALIENTES,CALVILLO,U3,191.0,37.0,228.0
AGUASCALIENTES,COSÍO,FC,146.0,45.0,191.0
AGUASCALIENTES,EL LLANO,FC,4.0,4.0,8.0
AGUASCALIENTES,JESÚS MARÍA,FC,1985.0,385.0,2370.0
AGUASCALIENTES,JESÚS MARÍA,U1,824.0,274.0,1098.0
AGUASCALIENTES,JESÚS MARÍA,U2,2795.0,1016.0,3811.0
AGUASCALIENTES,JESÚS MARÍA,U3,7134.0,2322.0,9456.0
AGUASCALIENTES,PABELLÓN DE ARTEAGA,FC,60.0,0.0,60.0
AGUASCALIENTES,PABELLÓN DE ARTEAGA,U1,274.0,153.0,427.0
AGUASCALIENTES,PABELLÓN DE ARTEAGA,U2,234.0,215.0,449.0
AGUASCALIENTES,PABELLÓN DE ARTEAGA,U3,475.0,339.0,814.0
AGUASCALIENTES,RINCÓN DE ROMOS,FC,30.0,0.0,30.0
AGUASCALIENTES,RINCÓN DE ROMOS,U1,165.0,77.0,242.0
AGUASCALIENTES,RINCÓN DE ROMOS,U2,659.0,682.0,1341.0
AGUASCALIENTES,RINCÓN DE ROMOS,U3,503.0,41.0,544.0
AGUASCALIENTES,SAN FRANCISCO DE LOS ROMO,FC,2592.0,1025.0,3617.0
AGUASCALIENTES,SAN FRANCISCO DE LOS ROMO,U1,623.0,191.0,814.0
AGUASCALIENTES,SAN FRANCISCO DE LOS ROMO,U2,721.0,1569.0,2290.0
AGUASCALIENTES,SAN FRANCISCO DE LOS ROMO,U3,6138.0,3093.0,9231.0
BAJA CALIFORNIA,ENSENADA,FC,1028.0,24.0,1052.0
BAJA CALIFORNIA,ENSENADA,U1,109.0,35.0,144.0
BAJA CALIFORNIA,ENSENADA,U2,3026.0,361.0,3387.0
BAJA CALIFORNIA,ENSENADA,U3,5230.0,1468.0,6698.0
BAJA CALIFORNIA,MEXICALI,FC,3917.0,201.0,4118.0
BAJA CALIFORNIA,MEXICALI,ND,6.0,0.0,6.0
BAJA CALIFORNIA,MEXICALI,U1,5579.0,2477.0,8056.0
BAJA CALIFORNIA,MEXICALI,U2,12801.0,7240.0,20041.0
BAJA CALIFORNIA,MEXICALI,U3,18148.0,10818.0,28966.0
BAJA CALIFORNIA,PLAYAS DE ROSARITO,FC,3463.0,1849.0,5312.0
BAJA CALIFORNIA,PLAYAS DE ROSARITO,U1,5.0,0.0,5.0
BAJA CALIFORNIA,PLAYAS DE ROSARITO,U2,144.0,0.0,144.0
BAJA CALIFORNIA,PLAYAS DE ROSARITO,U3,230.0,178.0,408.0
BAJA CALIFORNIA,SAN QUINTÍN,FC,15.0,1.0,16.0
BAJA CALIFORNIA,TECATE,FC,148.0,50.0,198.0
BAJA CALIFORNIA,TECATE,U1,7.0,7.0,14.0
BAJA CALIFORNIA,TECATE,U2,85.0,0.0,85.0
BAJA CALIFORNIA,TECATE,U3,180.0,10.0,190.0
BAJA CALIFORNIA,TIJUANA,FC,21989.0,15307.0,37296.0
BAJA CALIFORNIA,TIJUANA,ND,1.0,0.0,1.0
BAJA CALIFORNIA,TIJUANA,U1,7237.0,1593.0,8830.0
BAJA CALIFORNIA,TIJUANA,U2,11648.0,8489.0,20137.0
BAJA CALIFORNIA,TIJUANA,U3,32616.0,13967.0,46583.0
BAJA CALIFORNIA SUR,COMONDÚ,FC,32.0,2.0,34.0
BAJA CALIFORNIA SUR,COMONDÚ,U1,64.0,30.0,94.0
BAJA CALIFORNIA SUR,COMONDÚ,U2,434.0,189.0,623.0
BAJA CALIFORNIA SUR,COMONDÚ,U3,278.0,125.0,403.0
BAJA CALIFORNIA SUR,LA PAZ,FC,3587.0,440.0,4027.0
BAJA CALIFORNIA SUR,LA PAZ,ND,2.0,0.0,2.0
BAJA CALIFORNIA SUR,LA PAZ,U1,576.0,147.0,723.0
BAJA CALIFORNIA SUR,LA PAZ,U2,3057.0,4546.0,7603.0
BAJA CALIFORNIA SUR,LA PAZ,U3,14275.0,4487.0,18762.0
BAJA CALIFORNIA SUR,LORETO,FC,19.0,11.0,30.0
BAJA CALIFORNIA SUR,LORETO,U1,0.0,1.0,1.0
BAJA CALIFORNIA SUR,LORETO,U2,16.0,9.0,25.0
BAJA CALIFORNIA SUR,LORETO,U3,29.0,23.0,52.0
BAJA CALIFORNIA SUR,LOS CABOS,FC,727.0,61.0,788.0
BAJA CALIFORNIA SUR,LOS CABOS,ND,22.0,0.0,22.0
BAJA CALIFORNIA SUR,LOS CABOS,U1,921.0,274.0,1195.0
BAJA CALIFORNIA SUR,LOS CABOS,U2,4072.0,1946.0,6018.0
BAJA CALIFORNIA SUR,LOS CABOS,U3,6759.0,2508.0,9267.0
BAJA CALIFORNIA SUR,MULEGÉ,FC,376.0,191.0,567.0
BAJA CALIFORNIA SUR,MULEGÉ,U2,8.0,3.0,11.0
BAJA CALIFORNIA SUR,MULEGÉ,U3,34.0,44.0,78.0
CAMPECHE,CALKINÍ,FC,60.0,28.0,88.0
CAMPECHE,CALKINÍ,U1,30.0,0.0,30.0
CAMPECHE,CALKINÍ,U3,25.0,35.0,60.0
CAMPECHE,CAMPECHE,FC,23.0,0.0,23.0
CAMPECHE,CAMPECHE,U1,137.0,6.0,143.0
CAMPECHE,CAMPECHE,U2,4654.0,1566.0,6220.0
CAMPECHE,CAMPECHE,U3,1278.0,170.0,1448.0
CAMPECHE,CARMEN,FC,602.0,88.0,690.0
CAMPECHE,CARMEN,U1,302.0,160.0,462.0
CAMPECHE,CARMEN,U2,6067.0,225.0,6292.0
CAMPECHE,CHAMPOTÓN,FC,50.0,9.0,59.0
CAMPECHE,CHAMPOTÓN,U1,6.0,0.0,6.0
CAMPECHE,HECELCHAKÁN,FC,28.0,2.0,30.0
CAMPECHE,SEYBAPLAYA,FC,30.0,14.0,44.0
CAMPECHE,TENABO,FC,46.0,30.0,76.0
CHIAPAS,ARRIAGA,U1,26.0,19.0,45.0
CHIAPAS,ARRIAGA,U2,44.0,15.0,59.0
CHIAPAS,BERRIOZÁBAL,FC,3044.0,1140.0,4184.0
CHIAPAS,BERRIOZÁBAL,U1,36.0,13.0,49.0
CHIAPAS,BERRIOZÁBAL,U2,56.0,617.0,673.0
CHIAPAS,BERRIOZÁBAL,U3,1885.0,338.0,2223.0
CHIAPAS,CACAHOATÁN,U2,2.0,1.0,3.0
CHIAPAS,CHIAPA DE CORZO,FC,2597.0,841.0,3438.0
CHIAPAS,CHIAPA DE CORZO,U1,72.0,0.0,72.0
CHIAPAS,CHIAPA DE CORZO,U2,1238.0,73.0,1311.0
CHIAPAS,CHIAPA DE CORZO,U3,236.0,133.0,369.0
CHIAPAS,CINTALAPA DE FIGUEROA,U1,61.0,9.0,70.0
CHIAPAS,CINTALAPA DE FIGUEROA,U2,10.0,5.0,15.0
CHIAPAS,CINTALAPA DE FIGUEROA,U3,9.0,6.0,15.0
CHIAPAS,COMITÁN DE DOMÍNGUEZ,FC,446.0,0.0,446.0
CHIAPAS,COMITÁN DE DOMÍNGUEZ,U1,1.0,1.0,2.0
CHIAPAS,COMITÁN DE DOMÍNGUEZ,U2,1221.0,537.0,1758.0
CHIAPAS,COMITÁN DE DOMÍNGUEZ,U3,1099.0,373.0,1472.0
CHIAPAS,ESCUINTLA,FC,3.0,6.0,9.0
CHIAPAS,HUEHUETÁN,FC,484.0,22.0,506.0
CHIAPAS,HUIXTLA,FC,83.0,0.0,83.0
CHIAPAS,HUIXTLA,ND,25.0,0.0,25.0
CHIAPAS,HUIXTLA,U3,34.0,4.0,38.0
CHIAPAS,LA LIBERTAD,FC,4.0,2.0,6.0
CHIAPAS,OCOSINGO,FC,16.0,10.0,26.0
CHIAPAS,OCOSINGO,U1,4.0,0.0,4.0
CHIAPAS,OCOSINGO,U2,89.0,29.0,118.0
CHIAPAS,OCOSINGO,U3,7.0,0.0,7.0
CHIAPAS,OCOZOCOAUTLA DE ESPINOSA,FC,946.0,272.0,1218.0
CHIAPAS,OCOZOCOAUTLA DE ESPINOSA,U2,88.0,1.0,89.0
CHIAPAS,PALENQUE,FC,1012.0,0.0,1012.0
CHIAPAS,PALENQUE,U1,381.0,459.0,840.0
CHIAPAS,PALENQUE,U2,60.0,1.0,61.0
CHIAPAS,PALENQUE,U3,4.0,3.0,7.0
CHIAPAS,PICHUCALCO,FC,9.0,3.0,12.0
CHIAPAS,PICHUCALCO,U2,2.0,3.0,5.0
CHIAPAS,PICHUCALCO,U3,3.0,2.0,5.0
CHIAPAS,PIJIJIAPAN,U3,11.0,4.0,15.0
CHIAPAS,REFORMA,U2,4.0,0.0,4.0
CHIAPAS,SAN CRISTÓBAL DE LAS CASAS,FC,85.0,0.0,85.0
CHIAPAS,SAN CRISTÓBAL DE LAS CASAS,U2,128.0,9.0,137.0
CHIAPAS,SAN CRISTÓBAL DE LAS CASAS,U3,31.0,0.0,31.0
CHIAPAS,SAN FERNANDO,FC,33.0,12.0,45.0
CHIAPAS,TAPACHULA,FC,6213.0,1026.0,7239.0
CHIAPAS,TAPACHULA,U1,187.0,70.0,257.0
CHIAPAS,TAPACHULA,U2,2222.0,844.0,3066.0
CHIAPAS,TAPACHULA,U3,3815.0,612.0,4427.0
CHIAPAS,TONALÁ,FC,944.0,335.0,1279.0
CHIAPAS,TONALÁ,U2,314.0,142.0,456.0
CHIAPAS,TONALÁ,U3,3.0,0.0,3.0
CHIAPAS,TUXTLA CHICO,FC,41.0,0.0,41.0
CHIAPAS,TUXTLA CHICO,ND,12.0,0.0,12.0
CHIAPAS,TUXTLA GUTIÉRREZ,FC,1789.0,567.0,2356.0
CHIAPAS,TUXTLA GUTIÉRREZ,U1,2967.0,346.0,3313.0
CHIAPAS,TUXTLA GUTIÉRREZ,U2,9174.0,1795.0,10969.0
CHIAPAS,TUXTLA GUTIÉRREZ,U3,2877.0,453.0,3330.0
CHIAPAS,VILLAFLORES,FC,154.0,9.0,163.0
CHIAPAS,VILLAFLORES,U1,19.0,0.0,19.0
CHIAPAS,VILLAFLORES,U2,155.0,14.0,169.0
CHIAPAS,VILLAFLORES,U3,587.0,351.0,938.0
CHIHUAHUA,ALDAMA,FC,399.0,0.0,399.0
CHIHUAHUA,ALDAMA,U2,320.0,474.0,794.0
CHIHUAHUA,ALDAMA,U3,80.0,25.0,105.0
CHIHUAHUA,ALLENDE,FC,17.0,10.0,27.0
CHIHUAHUA,AQUILES SERDÁN,FC,1499.0,463.0,1962.0
CHIHUAHUA,AQUILES SERDÁN,U2,256.0,647.0,903.0
CHIHUAHUA,AQUILES SERDÁN,U3,2508.0,1284.0,3792.0
CHIHUAHUA,ASCENSIÓN,FC,531.0,238.0,769.0
CHIHUAHUA,ASCENSIÓN,U1,0.0,7.0,7.0
CHIHUAHUA,BOCOYNA,FC,115.0,57.0,172.0
CHIHUAHUA,BUENAVENTURA,FC,467.0,0.0,467.0
CHIHUAHUA,CAMARGO,FC,14.0,0.0,14.0
CHIHUAHUA,CAMARGO,U1,269.0,48.0,317.0
CHIHUAHUA,CAMARGO,U2,245.0,9.0,254.0
CHIHUAHUA,CASAS GRANDES,FC,10.0,4.0,14.0
CHIHUAHUA,CHIHUAHUA,FC,3581.0,793.0,4374.0
CHIHUAHUA,CHIHUAHUA,U1,1692.0,251.0,1943.0
CHIHUAHUA,CHIHUAHUA,U2,16150.0,12315.0,28465.0
CHIHUAHUA,CHIHUAHUA,U3,30703.0,14332.0,45035.0
CHIHUAHUA,CUAUHTÉMOC,FC,310.0,46.0,356.0
CHIHUAHUA,CUAUHTÉMOC,U1,187.0,73.0,260.0
CHIHUAHUA,CUAUHTÉMOC,U2,2153.0,2283.0,4436.0
CHIHUAHUA,CUAUHTÉMOC,U3,6139.0,2446.0,8585.0
CHIHUAHUA,DELICIAS,FC,295.0,2.0,297.0
CHIHUAHUA,DELICIAS,U1,652.0,462.0,1114.0
CHIHUAHUA,DELICIAS,U2,3479.0,1458.0,4937.0
CHIHUAHUA,DELICIAS,U3,1409.0,885.0,2294.0
CHIHUAHUA,GUACHOCHI,FC,683.0,479.0,1162.0
CHIHUAHUA,GUACHOCHI,U1,0.0,5.0,5.0
CHIHUAHUA,GUACHOCHI,U3,707.0,298.0,1005.0
CHIHUAHUA,GUADALUPE Y CALVO,FC,1.0,0.0,1.0
CHIHUAHUA,HIDALGO DEL PARRAL,FC,4.0,0.0,4.0
CHIHUAHUA,HIDALGO DEL PARRAL,U1,1390.0,1258.0,2648.0
CHIHUAHUA,HIDALGO DEL PARRAL,U2,1172.0,663.0,1835.0
CHIHUAHUA,HIDALGO DEL PARRAL,U3,208.0,0.0,208.0
CHIHUAHUA,IGNACIO ZARAGOZA,FC,18.0,6.0,24.0
CHIHUAHUA,JIMÉNEZ,FC,12.0,0.0,12.0
CHIHUAHUA,JIMÉNEZ,U1,45.0,33.0,78.0
CHIHUAHUA,JIMÉNEZ,U2,127.0,115.0,242.0
CHIHUAHUA,JUÁREZ,FC,629.0,35.0,664.0
CHIHUAHUA,JUÁREZ,U1,8460.0,1867.0,10327.0
CHIHUAHUA,JUÁREZ,U2,25048.0,18147.0,43195.0
CHIHUAHUA,JUÁREZ,U3,8312.0,3240.0,11552.0
CHIHUAHUA,MATAMOROS,FC,98.0,0.0,98.0
CHIHUAHUA,MEOQUI,FC,82.0,0.0,82.0
CHIHUAHUA,MEOQUI,ND,2.0,0.0,2.0
CHIHUAHUA,MEOQUI,U1,10.0,6.0,16.0
CHIHUAHUA,MEOQUI,U2,216.0,288.0,504.0
CHIHUAHUA,NUEVO CASAS GRANDES,U1,185.0,83.0,268.0
CHIHUAHUA,NUEVO CASAS GRANDES,U2,1818.0,1456.0,3274.0
CHIHUAHUA,NUEVO CASAS GRANDES,U3,498.0,427.0,925.0
CHIHUAHUA,OJINAGA,U2,107.0,0.0,107.0
CHIHUAHUA,OJINAGA,U3,245.0,77.0,322.0
CHIHUAHUA,PRAXEDIS G. GUERRERO,FC,171.0,26.0,197.0
CHIHUAHUA,SANTA BÁRBARA,FC,2.0,1.0,3.0
CHIHUAHUA,SAUCILLO,FC,12.0,2.0,14.0
CIUDAD DE MÉXICO,AZCAPOTZALCO,U1,8931.0,2098.0,11029.0
CIUDAD DE MÉXICO,AZCAPOTZALCO,U2,2716.0,339.0,3055.0
CIUDAD DE MÉXICO,BENITO JUÁREZ,U1,2106.0,211.0,2317.0
CIUDAD DE MÉXICO,BENITO JUÁREZ,U2,88.0,0.0,88.0
CIUDAD DE MÉXICO,COYOACÁN,U1,517.0,151.0,668.0
CIUDAD DE MÉXICO,COYOACÁN,U2,1685.0,362.0,2047.0
CIUDAD DE MÉXICO,CUAJIMALPA DE MORELOS,U1,43.0,1.0,44.0
CIUDAD DE MÉXICO,CUAUHTÉMOC,U1,14555.0,2700.0,17255.0
CIUDAD DE MÉXICO,CUAUHTÉMOC,U2,4211.0,1006.0,5217.0
CIUDAD DE MÉXICO,GUSTAVO A. MADERO,U1,5051.0,1147.0,6198.0
CIUDAD DE MÉXICO,GUSTAVO A. MADERO,U2,7056.0,1106.0,8162.0
CIUDAD DE MÉXICO,IZTACALCO,FC,118.0,0.0,118.0
CIUDAD DE MÉXICO,IZTACALCO,ND,41.0,0.0,41.0
CIUDAD DE MÉXICO,IZTACALCO,U1,16578.0,4529.0,21107.0
CIUDAD DE MÉXICO,IZTACALCO,U2,3068.0,652.0,3720.0
CIUDAD DE MÉXICO,IZTAPALAPA,FC,3.0,0.0,3.0
CIUDAD DE MÉXICO,IZTAPALAPA,U1,4139.0,1437.0,5576.0
CIUDAD DE MÉXICO,IZTAPALAPA,U2,1449.0,621.0,2070.0
CIUDAD DE MÉXICO,LA MAGDALENA CONTRERAS,U1,2.0,0.0,2.0
CIUDAD DE MÉXICO,LA MAGDALENA CONTRERAS,U2,20.0,0.0,20.0
CIUDAD DE MÉXICO,MIGUEL HIDALGO,U1,4421.0,709.0,5130.0
CIUDAD DE MÉXICO,MIGUEL HIDALGO,U2,714.0,37.0,751.0
CIUDAD DE MÉXICO,TLALPAN,U1,73.0,9.0,82.0
CIUDAD DE MÉXICO,TLALPAN,U2,889.0,155.0,1044.0
CIUDAD DE MÉXICO,TLALPAN,U3,6.0,0.0,6.0
CIUDAD DE MÉXICO,TLÁHUAC,U1,712.0,320.0,1032.0
CIUDAD DE MÉXICO,TLÁHUAC,U2,789.0,104.0,893.0
CIUDAD DE MÉXICO,VENUSTIANO CARRANZA,U1,10587.0,2347.0,12934.0
CIUDAD DE MÉXICO,VENUSTIANO CARRANZA,U2,1766.0,530.0,2296.0
CIUDAD DE MÉXICO,XOCHIMILCO,U2,6.0,1.0,7.0
CIUDAD DE MÉXICO,XOCHIMILCO,U3,8.0,5.0,13.0
CIUDAD DE MÉXICO,ÁLVARO OBREGÓN,FC,8.0,0.0,8.0
CIUDAD DE MÉXICO,ÁLVARO OBREGÓN,U1,861.0,93.0,954.0
CIUDAD DE MÉXICO,ÁLVARO OBREGÓN,U2,389.0,14.0,403.0
COAHUILA DE ZARAGOZA,ACUÑA,FC,213.0,215.0,428.0
COAHUILA DE ZARAGOZA,ACUÑA,ND,18.0,0.0,18.0
COAHUILA DE ZARAGOZA,ACUÑA,U1,1473.0,1460.0,2933.0
COAHUILA DE ZARAGOZA,ACUÑA,U2,4037.0,4070.0,8107.0
COAHUILA DE ZARAGOZA,ACUÑA,U3,4885.0,5310.0,10195.0
COAHUILA DE ZARAGOZA,ALLENDE,FC,1.0,0.0,1.0
COAHUILA DE ZARAGOZA,ALLENDE,U1,31.0,16.0,47.0
COAHUILA DE ZARAGOZA,ALLENDE,U2,1042.0,584.0,1626.0
COAHUILA DE ZARAGOZA,ALLENDE,U3,0.0,13.0,13.0
COAHUILA DE ZARAGOZA,ARTEAGA,FC,103.0,1.0,104.0
COAHUILA DE ZARAGOZA,ARTEAGA,U1,203.0,297.0,500.0
COAHUILA DE ZARAGOZA,ARTEAGA,U2,245.0,43.0,288.0
COAHUILA DE ZARAGOZA,ARTEAGA,U3,2627.0,2016.0,4643.0
COAHUILA DE ZARAGOZA,CASTAÑOS,U1,0.0,16.0,16.0
COAHUILA DE ZARAGOZA,CASTAÑOS,U2,635.0,298.0,933.0
COAHUILA DE ZARAGOZA,CASTAÑOS,U3,4.0,0.0,4.0
COAHUILA DE ZARAGOZA,CUATRO CIÉNEGAS,FC,62.0,22.0,84.0
COAHUILA DE ZARAGOZA,FRANCISCO I. MADERO,FC,4.0,0.0,4.0
COAHUILA DE ZARAGOZA,FRANCISCO I. MADERO,U1,1731.0,1374.0,3105.0
COAHUILA DE ZARAGOZA,FRANCISCO I. MADERO,U2,335.0,517.0,852.0
COAHUILA DE ZARAGOZA,FRANCISCO I. MADERO,U3,867.0,352.0,1219.0
COAHUILA DE ZARAGOZA,FRONTERA,FC,10.0,0.0,10.0
COAHUILA DE ZARAGOZA,FRONTERA,U1,1673.0,1123.0,2796.0
COAHUILA DE ZARAGOZA,FRONTERA,U2,827.0,391.0,1218.0
COAHUILA DE ZARAGOZA,FRONTERA,U3,117.0,95.0,212.0
COAHUILA DE ZARAGOZA,GENERAL CEPEDA,FC,59.0,24.0,83.0
COAHUILA DE ZARAGOZA,MATAMOROS,FC,397.0,36.0,433.0
COAHUILA DE ZARAGOZA,MATAMOROS,U1,30.0,0.0,30.0
COAHUILA DE ZARAGOZA,MATAMOROS,U2,845.0,817.0,1662.0
COAHUILA DE ZARAGOZA,MATAMOROS,U3,4010.0,2673.0,6683.0
COAHUILA DE ZARAGOZA,MONCLOVA,FC,1661.0,0.0,1661.0
COAHUILA DE ZARAGOZA,MONCLOVA,U1,1845.0,1344.0,3189.0
COAHUILA DE ZARAGOZA,MONCLOVA,U2,1748.0,1252.0,3000.0
COAHUILA DE ZARAGOZA,MONCLOVA,U3,986.0,360.0,1346.0
COAHUILA DE ZARAGOZA,MORELOS,FC,46.0,41.0,87.0
COAHUILA DE ZARAGOZA,MÚZQUIZ,FC,108.0,0.0,108.0
COAHUILA DE ZARAGOZA,MÚZQUIZ,U1,394.0,83.0,477.0
COAHUILA DE ZARAGOZA,MÚZQUIZ,U2,318.0,190.0,508.0
COAHUILA DE ZARAGOZA,MÚZQUIZ,U3,1552.0,721.0,2273.0
COAHUILA DE ZARAGOZA,NADADORES,FC,4.0,0.0,4.0
COAHUILA DE ZARAGOZA,NADADORES,U2,10.0,24.0,34.0
COAHUILA DE ZARAGOZA,NADADORES,U3,30.0,0.0,30.0
COAHUILA DE ZARAGOZA,NAVA,FC,183.0,129.0,312.0
COAHUILA DE ZARAGOZA,NAVA,U1,109.0,10.0,119.0
COAHUILA DE ZARAGOZA,NAVA,U2,634.0,963.0,1597.0
COAHUILA DE ZARAGOZA,NAVA,U3,1183.0,822.0,2005.0
COAHUILA DE ZARAGOZA,OCAMPO,FC,2.0,2.0,4.0
COAHUILA DE ZARAGOZA,PARRAS,U1,5.0,21.0,26.0
COAHUILA DE ZARAGOZA,PARRAS,U2,417.0,629.0,1046.0
COAHUILA DE ZARAGOZA,PIEDRAS NEGRAS,FC,106.0,276.0,382.0
COAHUILA DE ZARAGOZA,PIEDRAS NEGRAS,ND,1.0,0.0,1.0
COAHUILA DE ZARAGOZA,PIEDRAS NEGRAS,U1,1943.0,542.0,2485.0
COAHUILA DE ZARAGOZA,PIEDRAS NEGRAS,U2,1385.0,2270.0,3655.0
COAHUILA DE ZARAGOZA,PIEDRAS NEGRAS,U3,5215.0,4934.0,10149.0
COAHUILA DE ZARAGOZA,RAMOS ARIZPE,FC,61.0,4.0,65.0
COAHUILA DE ZARAGOZA,RAMOS ARIZPE,U1,2159.0,660.0,2819.0
COAHUILA DE ZARAGOZA,RAMOS ARIZPE,U2,4477.0,4724.0,9201.0
COAHUILA DE ZARAGOZA,RAMOS ARIZPE,U3,4295.0,1303.0,5598.0
COAHUILA DE ZARAGOZA,SABINAS,FC,488.0,53.0,541.0
COAHUILA DE ZARAGOZA,SABINAS,U1,56.0,12.0,68.0
COAHUILA DE ZARAGOZA,SABINAS,U2,1729.0,1658.0,3387.0
COAHUILA DE ZARAGOZA,SABINAS,U3,865.0,126.0,991.0
COAHUILA DE ZARAGOZA,SACRAMENTO,FC,47.0,89.0,136.0
COAHUILA DE ZARAGOZA,SALTILLO,FC,1110.0,222.0,1332.0
COAHUILA DE ZARAGOZA,SALTILLO,U1,7425.0,4630.0,12055.0
COAHUILA DE ZARAGOZA,SALTILLO,U2,18247.0,14458.0,32705.0
COAHUILA DE ZARAGOZA,SALTILLO,U3,10306.0,5631.0,15937.0
COAHUILA DE ZARAGOZA,SAN BUENAVENTURA,FC,12.0,2.0,14.0
COAHUILA DE ZARAGOZA,SAN BUENAVENTURA,U1,4.0,6.0,10.0
COAHUILA DE ZARAGOZA,SAN BUENAVENTURA,U2,313.0,201.0,514.0
COAHUILA DE ZARAGOZA,SAN JUAN DE SABINAS,FC,116.0,87.0,203.0
COAHUILA DE ZARAGOZA,SAN JUAN DE SABINAS,U1,3.0,0.0,3.0
COAHUILA DE ZARAGOZA,SAN JUAN DE SABINAS,U2,255.0,105.0,360.0
COAHUILA DE ZARAGOZA,SAN JUAN DE SABINAS,U3,742.0,427.0,1169.0
COAHUILA DE ZARAGOZA,SAN PEDRO,FC,2490.0,0.0,2490.0
COAHUILA DE ZARAGOZA,SAN PEDRO,U1,100.0,98.0,198.0
COAHUILA DE ZARAGOZA,SAN PEDRO,U2,612.0,528.0,1140.0
COAHUILA DE ZARAGOZA,SAN PEDRO,U3,249.0,268.0,517.0
COAHUILA DE ZARAGOZA,TORREÓN,FC,3707.0,1523.0,5230.0
COAHUILA DE ZARAGOZA,TORREÓN,U1,2986.0,866.0,3852.0
COAHUILA DE ZARAGOZA,TORREÓN,U2,23125.0,15637.0,38762.0
COAHUILA DE ZARAGOZA,TORREÓN,U3,8344.0,4267.0,12611.0
COAHUILA DE ZARAGOZA,VILLA UNIÓN,FC,15.0,17.0,32.0
COAHUILA DE ZARAGOZA,ZARAGOZA,FC,211.0,75.0,286.0
COLIMA,ARMERÍA,U1,19.0,13.0,32.0
COLIMA,ARMERÍA,U2,135.0,103.0,238.0
COLIMA,ARMERÍA,U3,14.0,2.0,16.0
COLIMA,COLIMA,FC,591.0,44.0,635.0
COLIMA,COLIMA,ND,6.0,0.0,6.0
COLIMA,COLIMA,U1,2734.0,1662.0,4396.0
COLIMA,COLIMA,U2,4577.0,2374.0,6951.0
COLIMA,COLIMA,U3,2966.0,1540.0,4506.0
COLIMA,COMALA,FC,8.0,1.0,9.0
COLIMA,COMALA,U2,14.0,6.0,20.0
COLIMA,COMALA,U3,38.0,11.0,49.0
COLIMA,COQUIMATLÁN,FC,271.0,462.0,733.0
COLIMA,COQUIMATLÁN,U2,37.0,193.0,230.0
COLIMA,COQUIMATLÁN,U3,662.0,233.0,895.0
COLIMA,CUAUHTÉMOC,FC,580.0,285.0,865.0
COLIMA,MANZANILLO,FC,1599.0,0.0,1599.0
COLIMA,MANZANILLO,ND,15.0,0.0,15.0
COLIMA,MANZANILLO,U1,217.0,53.0,270.0
COLIMA,MANZANILLO,U2,4697.0,3053.0,7750.0
COLIMA,MANZANILLO,U3,6621.0,3215.0,9836.0
COLIMA,TECOMÁN,U1,1627.0,1446.0,3073.0
COLIMA,TECOMÁN,U2,1256.0,946.0,2202.0
COLIMA,TECOMÁN,U3,319.0,116.0,435.0
COLIMA,VILLA DE ÁLVAREZ,FC,2217.0,12.0,2229.0
COLIMA,VILLA DE ÁLVAREZ,ND,1.0,0.0,1.0
COLIMA,VILLA DE ÁLVAREZ,U1,1059.0,394.0,1453.0
COLIMA,VILLA DE ÁLVAREZ,U2,7342.0,4960.0,12302.0
COLIMA,VILLA DE ÁLVAREZ,U3,12110.0,5071.0,17181.0
DURANGO,CANATLÁN,FC,87.0,2.0,89.0
DURANGO,DURANGO,FC,10878.0,1640.0,12518.0
DURANGO,DURANGO,ND,1.0,0.0,1.0
DURANGO,DURANGO,U1,4086.0,1492.0,5578.0
DURANGO,DURANGO,U2,5590.0,4205.0,9795.0
DURANGO,DURANGO,U3,13575.0,6199.0,19774.0
DURANGO,GUADALUPE VICTORIA,U2,190.0,53.0,243.0
DURANGO,GÓMEZ PALACIO,FC,545.0,0.0,545.0
DURANGO,GÓMEZ PALACIO,U1,1890.0,515.0,2405.0
DURANGO,GÓMEZ PALACIO,U2,9995.0,4576.0,14571.0
DURANGO,GÓMEZ PALACIO,U3,716.0,469.0,1185.0
DURANGO,LERDO,FC,376.0,0.0,376.0
DURANGO,LERDO,U1,922.0,829.0,1751.0
DURANGO,LERDO,U2,2535.0,1487.0,4022.0
DURANGO,LERDO,U3,1713.0,1168.0,2881.0
DURANGO,MAPIMÍ,FC,8.0,0.0,8.0
DURANGO,NOMBRE DE DIOS,FC,100.0,0.0,100.0
DURANGO,POANAS,FC,73.0,35.0,108.0
DURANGO,PÁNUCO DE CORONADO,FC,8.0,0.0,8.0
DURANGO,SANTIAGO PAPASQUIARO,U2,140.0,63.0,203.0
DURANGO,SANTIAGO PAPASQUIARO,U3,35.0,24.0,59.0
DURANGO,VICENTE GUERRERO,U2,24.0,11.0,35.0
DURANGO,VICENTE GUERRERO,U3,1.0,10.0,11.0
GUANAJUATO,ABASOLO,U1,3.0,0.0,3.0
GUANAJUATO,ABASOLO,U2,52.0,21.0,73.0
GUANAJUATO,ABASOLO,U3,225.0,3.0,228.0
GUANAJUATO,ACÁMBARO,FC,104.0,21.0,125.0
GUANAJUATO,ACÁMBARO,U1,22.0,4.0,26.0
GUANAJUATO,ACÁMBARO,U2,309.0,85.0,394.0
GUANAJUATO,ACÁMBARO,U3,16.0,0.0,16.0
GUANAJUATO,APASEO EL ALTO,U2,205.0,51.0,256.0
GUANAJUATO,APASEO EL GRANDE,FC,5780.0,4103.0,9883.0
GUANAJUATO,APASEO EL GRANDE,U1,165.0,33.0,198.0
GUANAJUATO,APASEO EL GRANDE,U2,500.0,2788.0,3288.0
GUANAJUATO,APASEO EL GRANDE,U3,10933.0,9616.0,20549.0
GUANAJUATO,CELAYA,FC,1877.0,628.0,2505.0
GUANAJUATO,CELAYA,U1,320.0,131.0,451.0
GUANAJUATO,CELAYA,U2,7500.0,5150.0,12650.0
GUANAJUATO,CELAYA,U3,16820.0,4967.0,21787.0
GUANAJUATO,COMONFORT,U2,3.0,0.0,3.0
GUANAJUATO,COMONFORT,U3,1.0,0.0,1.0
GUANAJUATO,CORTAZAR,FC,338.0,218.0,556.0
GUANAJUATO,CORTAZAR,U1,309.0,52.0,361.0
GUANAJUATO,CORTAZAR,U2,587.0,393.0,980.0
GUANAJUATO,CORTAZAR,U3,647.0,455.0,1102.0
GUANAJUATO,CUERÁMARO,FC,124.0,0.0,124.0
GUANAJUATO,DOLORES HIDALGO CUNA DE LA INDEPENDENCIA NACIONAL,FC,983.0,402.0,1385.0
GUANAJUATO,DOLORES HIDALGO CUNA DE LA INDEPENDENCIA NACIONAL,U1,49.0,13.0,62.0
GUANAJUATO,DOLORES HIDALGO CUNA DE LA INDEPENDENCIA NACIONAL,U2,134.0,721.0,855.0
GUANAJUATO,DOLORES HIDALGO CUNA DE LA INDEPENDENCIA NACIONAL,U3,958.0,1343.0,2301.0
GUANAJUATO,GUANAJUATO,FC,297.0,46.0,343.0
GUANAJUATO,GUANAJUATO,U1,164.0,2.0,166.0
GUANAJUATO,GUANAJUATO,U2,2653.0,1367.0,4020.0
GUANAJUATO,GUANAJUATO,U3,5144.0,1427.0,6571.0
GUANAJUATO,IRAPUATO,FC,4726.0,1871.0,6597.0
GUANAJUATO,IRAPUATO,U1,5974.0,1548.0,7522.0
GUANAJUATO,IRAPUATO,U2,9555.0,4367.0,13922.0
GUANAJUATO,IRAPUATO,U3,6121.0,2909.0,9030.0
GUANAJUATO,JERÉCUARO,FC,19.0,0.0,19.0
GUANAJUATO,LEÓN,FC,13874.0,2549.0,16423.0
GUANAJUATO,LEÓN,U1,9637.0,3348.0,12985.0
GUANAJUATO,LEÓN,U2,20491.0,20986.0,41477.0
GUANAJUATO,LEÓN,U3,49213.0,22612.0,71825.0
GUANAJUATO,MANUEL DOBLADO,FC,1.0,0.0,1.0
GUANAJUATO,MOROLEÓN,FC,348.0,34.0,382.0
GUANAJUATO,MOROLEÓN,U1,1.0,1.0,2.0
GUANAJUATO,MOROLEÓN,U2,391.0,51.0,442.0
GUANAJUATO,MOROLEÓN,U3,322.0,145.0,467.0
GUANAJUATO,PURÍSIMA DEL RINCÓN,FC,252.0,129.0,381.0
GUANAJUATO,PURÍSIMA DEL RINCÓN,U1,1.0,7.0,8.0
GUANAJUATO,PURÍSIMA DEL RINCÓN,U2,478.0,236.0,714.0
GUANAJUATO,PURÍSIMA DEL RINCÓN,U3,34.0,1.0,35.0
GUANAJUATO,PÉNJAMO,FC,7.0,0.0,7.0
GUANAJUATO,PÉNJAMO,U1,176.0,47.0,223.0
GUANAJUATO,PÉNJAMO,U2,312.0,162.0,474.0
GUANAJUATO,PÉNJAMO,U3,1.0,1.0,2.0
GUANAJUATO,ROMITA,U2,33.0,16.0,49.0
GUANAJUATO,SALAMANCA,FC,10861.0,4943.0,15804.0
GUANAJUATO,SALAMANCA,U1,389.0,18.0,407.0
GUANAJUATO,SALAMANCA,U2,268.0,398.0,666.0
GUANAJUATO,SALAMANCA,U3,3925.0,812.0,4737.0
GUANAJUATO,SALVATIERRA,FC,63.0,0.0,63.0
GUANAJUATO,SALVATIERRA,U1,194.0,267.0,461.0
GUANAJUATO,SALVATIERRA,U2,134.0,222.0,356.0
GUANAJUATO,SALVATIERRA,U3,845.0,700.0,1545.0
GUANAJUATO,SAN DIEGO DE LA UNIÓN,FC,96.0,0.0,96.0
GUANAJUATO,SAN FELIPE,FC,111.0,1.0,112.0
GUANAJUATO,SAN FELIPE,U2,383.0,504.0,887.0
GUANAJUATO,SAN FELIPE,U3,1398.0,701.0,2099.0
GUANAJUATO,SAN FRANCISCO DEL RINCÓN,FC,73.0,26.0,99.0
GUANAJUATO,SAN FRANCISCO DEL RINCÓN,U1,399.0,119.0,518.0
GUANAJUATO,SAN FRANCISCO DEL RINCÓN,U2,1569.0,414.0,1983.0
GUANAJUATO,SAN FRANCISCO DEL RINCÓN,U3,119.0,0.0,119.0
GUANAJUATO,SAN JOSÉ ITURBIDE,FC,1778.0,334.0,2112.0
GUANAJUATO,SAN JOSÉ ITURBIDE,U1,11.0,5.0,16.0
GUANAJUATO,SAN JOSÉ ITURBIDE,U2,658.0,210.0,868.0
GUANAJUATO,SAN JOSÉ ITURBIDE,U3,1332.0,924.0,2256.0
GUANAJUATO,SAN LUIS DE LA PAZ,FC,959.0,881.0,1840.0
GUANAJUATO,SAN LUIS DE LA PAZ,U1,75.0,0.0,75.0
GUANAJUATO,SAN LUIS DE LA PAZ,U2,189.0,76.0,265.0
GUANAJUATO,SAN LUIS DE LA PAZ,U3,1057.0,1633.0,2690.0
GUANAJUATO,SAN MIGUEL DE ALLENDE,FC,2831.0,1047.0,3878.0
GUANAJUATO,SAN MIGUEL DE ALLENDE,U1,149.0,4.0,153.0
GUANAJUATO,SAN MIGUEL DE ALLENDE,U2,213.0,45.0,258.0
GUANAJUATO,SAN MIGUEL DE ALLENDE,U3,3105.0,751.0,3856.0
GUANAJUATO,SANTA CRUZ DE JUVENTINO ROSAS,FC,27.0,0.0,27.0
GUANAJUATO,SANTA CRUZ DE JUVENTINO ROSAS,U2,16.0,0.0,16.0
GUANAJUATO,SANTA CRUZ DE JUVENTINO ROSAS,U3,541.0,366.0,907.0
GUANAJUATO,SILAO DE LA VICTORIA,FC,1304.0,317.0,1621.0
GUANAJUATO,SILAO DE LA VICTORIA,U1,15.0,6.0,21.0
GUANAJUATO,SILAO DE LA VICTORIA,U2,2540.0,1717.0,4257.0
GUANAJUATO,SILAO DE LA VICTORIA,U3,6306.0,1536.0,7842.0
GUANAJUATO,URIANGATO,U2,20.0,4.0,24.0
GUANAJUATO,URIANGATO,U3,849.0,685.0,1534.0
GUANAJUATO,VALLE DE SANTIAGO,FC,8.0,0.0,8.0
GUANAJUATO,VALLE DE SANTIAGO,U1,18.0,0.0,18.0
GUANAJUATO,VALLE DE SANTIAGO,U2,764.0,15.0,779.0
GUANAJUATO,VALLE DE SANTIAGO,U3,196.0,6.0,202.0
GUANAJUATO,VILLAGRÁN,FC,3116.0,1631.0,4747.0
GUANAJUATO,VILLAGRÁN,U1,34.0,0.0,34.0
GUANAJUATO,VILLAGRÁN,U2,43.0,255.0,298.0
GUANAJUATO,VILLAGRÁN,U3,2830.0,1811.0,4641.0
GUANAJUATO,YURIRIA,FC,56.0,0.0,56.0
GUANAJUATO,YURIRIA,U2,114.0,8.0,122.0
GUERRERO,ACAPULCO DE JUÁREZ,FC,5867.0,573.0,6440.0
GUERRERO,ACAPULCO DE JUÁREZ,ND,42.0,0.0,42.0
GUERRERO,ACAPULCO DE JUÁREZ,U1,7304.0,1897.0,9201.0
GUERRERO,ACAPULCO DE JUÁREZ,U2,4271.0,4415.0,8686.0
GUERRERO,ACAPULCO DE JUÁREZ,U3,11028.0,1457.0,12485.0
GUERRERO,ARCELIA,FC,3.0,0.0,3.0
GUERRERO,ARCELIA,U1,1.0,0.0,1.0
GUERRERO,CHILPANCINGO DE LOS BRAVO,FC,1443.0,0.0,1443.0
GUERRERO,CHILPANCINGO DE LOS BRAVO,U1,1127.0,476.0,1603.0
GUERRERO,CHILPANCINGO DE LOS BRAVO,U2,442.0,763.0,1205.0
GUERRERO,CHILPANCINGO DE LOS BRAVO,U3,3742.0,883.0,4625.0
GUERRERO,COYUCA DE BENÍTEZ,FC,38.0,23.0,61.0
GUERRERO,COYUCA DE BENÍTEZ,U2,22.0,14.0,36.0
GUERRERO,IGUALA DE LA INDEPENDENCIA,FC,289.0,0.0,289.0
GUERRERO,IGUALA DE LA INDEPENDENCIA,U1,3129.0,1203.0,4332.0
GUERRERO,IGUALA DE LA INDEPENDENCIA,U2,843.0,307.0,1150.0
GUERRERO,IGUALA DE LA INDEPENDENCIA,U3,479.0,211.0,690.0
GUERRERO,OMETEPEC,FC,182.0,49.0,231.0
GUERRERO,OMETEPEC,U1,2.0,0.0,2.0
GUERRERO,OMETEPEC,U2,6.0,0.0,6.0
GUERRERO,PUNGARABATO,FC,116.0,0.0,116.0
GUERRERO,QUECHULTENANGO,FC,60.0,32.0,92.0
GUERRERO,TAXCO DE ALARCÓN,FC,239.0,18.0,257.0
GUERRERO,TAXCO DE ALARCÓN,U3,318.0,41.0,359.0
GUERRERO,TIXTLA DE GUERRERO,FC,75.0,33.0,108.0
GUERRERO,TIXTLA DE GUERRERO,U1,1.0,2.0,3.0
GUERRERO,TIXTLA DE GUERRERO,U2,47.0,21.0,68.0
GUERRERO,TLAPA DE COMONFORT,FC,1.0,0.0,1.0
GUERRERO,TLAPA DE COMONFORT,U3,14.0,0.0,14.0
GUERRERO,TLAPEHUALA,FC,60.0,0.0,60.0
GUERRERO,ZIHUATANEJO DE AZUETA,FC,3482.0,204.0,3686.0
GUERRERO,ZIHUATANEJO DE AZUETA,ND,30.0,0.0,30.0
GUERRERO,ZIHUATANEJO DE AZUETA,U1,21.0,8.0,29.0
GUERRERO,ZIHUATANEJO DE AZUETA,U2,111.0,3.0,114.0
GUERRERO,ZIHUATANEJO DE AZUETA,U3,654.0,45.0,699.0
HIDALGO,ACATLÁN,FC,15.0,4.0,19.0
HIDALGO,ACTOPAN,FC,44.0,0.0,44.0
HIDALGO,ACTOPAN,U1,485.0,63.0,548.0
HIDALGO,ACTOPAN,U2,89.0,20.0,109.0
HIDALGO,ACTOPAN,U3,69.0,8.0,77.0
HIDALGO,ALFAJAYUCAN,FC,12.0,0.0,12.0
HIDALGO,ALMOLOYA,FC,13.0,4.0,17.0
HIDALGO,APAN,U1,20.0,11.0,31.0
HIDALGO,APAN,U2,96.0,100.0,196.0
HIDALGO,APAN,U3,55.0,40.0,95.0
HIDALGO,ATITALAQUIA,U2,16.0,0.0,16.0
HIDALGO,ATOTONILCO DE TULA,FC,23515.0,13889.0,37404.0
HIDALGO,ATOTONILCO DE TULA,ND,70.0,0.0,70.0
HIDALGO,ATOTONILCO DE TULA,U1,2324.0,3191.0,5515.0
HIDALGO,ATOTONILCO DE TULA,U2,53.0,173.0,226.0
HIDALGO,ATOTONILCO DE TULA,U3,0.0,250.0,250.0
HIDALGO,ATOTONILCO EL GRANDE,FC,8.0,1.0,9.0
HIDALGO,CUAUTEPEC DE HINOJOSA,U2,21.0,0.0,21.0
HIDALGO,CUAUTEPEC DE HINOJOSA,U3,567.0,536.0,1103.0
HIDALGO,EL ARENAL,FC,144.0,0.0,144.0
HIDALGO,EMILIANO ZAPATA,FC,5.0,3.0,8.0
HIDALGO,EPAZOYUCAN,FC,4551.0,293.0,4844.0
HIDALGO,EPAZOYUCAN,U3,153.0,51.0,204.0
HIDALGO,FRANCISCO I. MADERO,FC,2.0,0.0,2.0
HIDALGO,HUEJUTLA DE REYES,FC,4.0,0.0,4.0
HIDALGO,HUEJUTLA DE REYES,U1,4.0,1.0,5.0
HIDALGO,HUEJUTLA DE REYES,U2,3.0,0.0,3.0
HIDALGO,HUICHAPAN,FC,580.0,38.0,618.0
HIDALGO,IXMIQUILPAN,FC,9.0,0.0,9.0
HIDALGO,IXMIQUILPAN,U1,15.0,6.0,21.0
HIDALGO,IXMIQUILPAN,U2,54.0,20.0,74.0
HIDALGO,IXMIQUILPAN,U3,57.0,17.0,74.0
HIDALGO,MINERAL DE LA REFORMA,FC,6738.0,3411.0,10149.0
HIDALGO,MINERAL DE LA REFORMA,ND,3.0,0.0,3.0
HIDALGO,MINERAL DE LA REFORMA,U1,1067.0,127.0,1194.0
HIDALGO,MINERAL DE LA REFORMA,U2,5205.0,5131.0,10336.0
HIDALGO,MINERAL DE LA REFORMA,U3,15002.0,8109.0,23111.0
HIDALGO,MIXQUIAHUALA DE JUÁREZ,U1,2.0,0.0,2.0
HIDALGO,MIXQUIAHUALA DE JUÁREZ,U2,1.0,1.0,2.0
HIDALGO,PACHUCA DE SOTO,FC,4380.0,1299.0,5679.0
HIDALGO,PACHUCA DE SOTO,U1,616.0,186.0,802.0
HIDALGO,PACHUCA DE SOTO,U2,3259.0,2487.0,5746.0
HIDALGO,PACHUCA DE SOTO,U3,11351.0,2427.0,13778.0
HIDALGO,PROGRESO DE OBREGÓN,U1,1.0,1.0,2.0
HIDALGO,SAN AGUSTÍN TLAXIACA,FC,201.0,24.0,225.0
HIDALGO,SAN AGUSTÍN TLAXIACA,U1,6.0,5.0,11.0
HIDALGO,SAN AGUSTÍN TLAXIACA,U2,7.0,5.0,12.0
HIDALGO,SAN FELIPE ORIZATLÁN,FC,6.0,0.0,6.0
HIDALGO,SANTIAGO TULANTEPEC DE LUGO GUERRERO,FC,255.0,0.0,255.0
HIDALGO,SANTIAGO TULANTEPEC DE LUGO GUERRERO,U1,207.0,14.0,221.0
HIDALGO,SANTIAGO TULANTEPEC DE LUGO GUERRERO,U2,956.0,113.0,1069.0
HIDALGO,SANTIAGO TULANTEPEC DE LUGO GUERRERO,U3,109.0,21.0,130.0
HIDALGO,TEPEAPULCO,FC,8.0,0.0,8.0
HIDALGO,TEPEAPULCO,U1,94.0,25.0,119.0
HIDALGO,TEPEAPULCO,U2,876.0,129.0,1005.0
HIDALGO,TEPEAPULCO,U3,92.0,59.0,151.0
HIDALGO,TEPEJI DEL RÍO DE OCAMPO,FC,18.0,0.0,18.0
HIDALGO,TEPEJI DEL RÍO DE OCAMPO,U1,132.0,0.0,132.0
HIDALGO,TEPEJI DEL RÍO DE OCAMPO,U2,204.0,90.0,294.0
HIDALGO,TEPEJI DEL RÍO DE OCAMPO,U3,1088.0,507.0,1595.0
HIDALGO,TIANGUISTENGO,FC,1.0,0.0,1.0
HIDALGO,TIZAYUCA,FC,15163.0,6723.0,21886.0
HIDALGO,TIZAYUCA,ND,57.0,0.0,57.0
HIDALGO,TIZAYUCA,U1,6544.0,3989.0,10533.0
HIDALGO,TIZAYUCA,U2,6856.0,12099.0,18955.0
HIDALGO,TIZAYUCA,U3,36208.0,17557.0,53765.0
HIDALGO,TOLCAYUCA,FC,5686.0,2668.0,8354.0
HIDALGO,TULA DE ALLENDE,FC,233.0,77.0,310.0
HIDALGO,TULA DE ALLENDE,U1,4.0,0.0,4.0
HIDALGO,TULA DE ALLENDE,U2,71.0,21.0,92.0
HIDALGO,TULA DE ALLENDE,U3,82.0,0.0,82.0
HIDALGO,TULANCINGO DE BRAVO,FC,332.0,14.0,346.0
HIDALGO,TULANCINGO DE BRAVO,U1,602.0,213.0,815.0
HIDALGO,TULANCINGO DE BRAVO,U2,258.0,60.0,318.0
HIDALGO,TULANCINGO DE BRAVO,U3,988.0,67.0,1055.0
HIDALGO,VILLA DE TEZONTEPEC,FC,775.0,148.0,923.0
HIDALGO,ZAPOTLÁN DE JUÁREZ,FC,982.0,328.0,1310.0
HIDALGO,ZAPOTLÁN DE JUÁREZ,U2,2.0,0.0,2.0
HIDALGO,ZEMPOALA,FC,20813.0,7020.0,27833.0
HIDALGO,ZEMPOALA,ND,14.0,0.0,14.0
HIDALGO,ZEMPOALA,U1,238.0,61.0,299.0
HIDALGO,ZEMPOALA,U2,1309.0,1371.0,2680.0
HIDALGO,ZEMPOALA,U3,8689.0,4676.0,13365.0
HIDALGO,ZIMAPÁN,FC,90.0,0.0,90.0
HIDALGO,ZIMAPÁN,U3,2.0,0.0,2.0
JALISCO,ACATIC,FC,12.0,56.0,68.0
JALISCO,ACATLÁN DE JUÁREZ,FC,266.0,286.0,552.0
JALISCO,AHUALULCO DE MERCADO,U2,4.0,35.0,39.0
JALISCO,AMATITÁN,FC,144.0,11.0,155.0
JALISCO,AMECA,FC,35.0,4.0,39.0
JALISCO,AMECA,U1,4.0,3.0,7.0
JALISCO,AMECA,U2,27.0,11.0,38.0
JALISCO,AMECA,U3,181.0,51.0,232.0
JALISCO,ARANDAS,FC,305.0,4.0,309.0
JALISCO,ARANDAS,U1,28.0,61.0,89.0
JALISCO,ARANDAS,U2,84.0,13.0,97.0
JALISCO,ARANDAS,U3,23.0,10.0,33.0
JALISCO,ATENGO,FC,37.0,0.0,37.0
JALISCO,ATOTONILCO EL ALTO,FC,248.0,25.0,273.0
JALISCO,ATOTONILCO EL ALTO,U1,775.0,242.0,1017.0
JALISCO,ATOTONILCO EL ALTO,U3,864.0,595.0,1459.0
JALISCO,AUTLÁN DE NAVARRO,FC,325.0,15.0,340.0
JALISCO,AUTLÁN DE NAVARRO,U1,57.0,17.0,74.0
JALISCO,AUTLÁN DE NAVARRO,U2,2043.0,908.0,2951.0
JALISCO,AUTLÁN DE NAVARRO,U3,6.0,0.0,6.0
JALISCO,AYOTLÁN,FC,24.0,21.0,45.0
JALISCO,CASIMIRO CASTILLO,FC,22.0,5.0,27.0
JALISCO,CHAPALA,FC,4.0,0.0,4.0
JALISCO,CHAPALA,U2,173.0,58.0,231.0
JALISCO,CHAPALA,U3,245.0,9.0,254.0
JALISCO,CIHUATLÁN,FC,32.0,2.0,34.0
JALISCO,COCULA,FC,400.0,199.0,599.0
JALISCO,COLOTLÁN,FC,55.0,8.0,63.0
JALISCO,CUQUÍO,FC,28.0,3.0,31.0
JALISCO,EL ARENAL,FC,1877.0,1525.0,3402.0
JALISCO,EL GRULLO,FC,9.0,7.0,16.0
JALISCO,EL GRULLO,ND,1.0,0.0,1.0
JALISCO,EL GRULLO,U3,168.0,86.0,254.0
JALISCO,EL SALTO,FC,2162.0,1852.0,4014.0
JALISCO,EL SALTO,U1,275.0,37.0,312.0
JALISCO,EL SALTO,U2,7086.0,13134.0,20220.0
JALISCO,EL SALTO,U3,26808.0,18700.0,45508.0
JALISCO,ENCARNACIÓN DE DÍAZ,FC,222.0,37.0,259.0
JALISCO,ENCARNACIÓN DE DÍAZ,U2,507.0,758.0,1265.0
JALISCO,ENCARNACIÓN DE DÍAZ,U3,42.0,14.0,56.0
JALISCO,ETZATLÁN,FC,170.0,68.0,238.0
JALISCO,GUADALAJARA,U1,2166.0,564.0,2730.0
JALISCO,GUADALAJARA,U2,6741.0,3087.0,9828.0
JALISCO,GUADALAJARA,U3,616.0,214.0,830.0
JALISCO,GÓMEZ FARÍAS,FC,4.0,1.0,5.0
JALISCO,IXTLAHUACÁN DE LOS MEMBRILLOS,FC,516.0,987.0,1503.0
JALISCO,IXTLAHUACÁN DE LOS MEMBRILLOS,U2,895.0,1695.0,2590.0
JALISCO,IXTLAHUACÁN DE LOS MEMBRILLOS,U3,2185.0,414.0,2599.0
JALISCO,IXTLAHUACÁN DEL RÍO,FC,22.0,16.0,38.0
JALISCO,JALOSTOTITLÁN,FC,3.0,3.0,6.0
JALISCO,JALOSTOTITLÁN,U2,0.0,1.0,1.0
JALISCO,JALOSTOTITLÁN,U3,28.0,23.0,51.0
JALISCO,JESÚS MARÍA,FC,36.0,0.0,36.0
JALISCO,JOCOTEPEC,U1,1.0,1.0,2.0
JALISCO,JOCOTEPEC,U2,1297.0,101.0,1398.0
JALISCO,JOCOTEPEC,U3,158.0,151.0,309.0
JALISCO,JUANACATLÁN,FC,2933.0,3691.0,6624.0
JALISCO,JUANACATLÁN,U2,37.0,0.0,37.0
JALISCO,LA BARCA,FC,288.0,11.0,299.0
JALISCO,LA BARCA,U1,13.0,4.0,17.0
JALISCO,LA BARCA,U2,1210.0,287.0,1497.0
JALISCO,LA BARCA,U3,896.0,648.0,1544.0
JALISCO,LAGOS DE MORENO,FC,178.0,11.0,189.0
JALISCO,LAGOS DE MORENO,U1,1215.0,340.0,1555.0
JALISCO,LAGOS DE MORENO,U2,2122.0,2613.0,4735.0
JALISCO,LAGOS DE MORENO,U3,3563.0,2210.0,5773.0
JALISCO,MAGDALENA,U2,58.0,24.0,82.0
JALISCO,MAGDALENA,U3,33.0,0.0,33.0
JALISCO,MASCOTA,FC,4.0,0.0,4.0
JALISCO,MAZAMITLA,FC,5.0,3.0,8.0
JALISCO,OCOTLÁN,FC,320.0,0.0,320.0
JALISCO,OCOTLÁN,U1,85.0,47.0,132.0
JALISCO,OCOTLÁN,U2,2234.0,997.0,3231.0
JALISCO,OCOTLÁN,U3,885.0,867.0,1752.0
JALISCO,OJUELOS DE JALISCO,FC,50.0,17.0,67.0
JALISCO,PONCITLÁN,FC,115.0,47.0,162.0
JALISCO,PONCITLÁN,U1,22.0,1.0,23.0
JALISCO,PONCITLÁN,U2,612.0,346.0,958.0
JALISCO,PUERTO VALLARTA,FC,3176.0,2999.0,6175.0
JALISCO,PUERTO VALLARTA,U1,100.0,14.0,114.0
JALISCO,PUERTO VALLARTA,U2,3709.0,906.0,4615.0
JALISCO,PUERTO VALLARTA,U3,5888.0,1531.0,7419.0
JALISCO,SAN DIEGO DE ALEJANDRÍA,FC,0.0,1.0,1.0
JALISCO,SAN JUAN DE LOS LAGOS,FC,32.0,0.0,32.0
JALISCO,SAN JUAN DE LOS LAGOS,U1,4.0,5.0,9.0
JALISCO,SAN JUAN DE LOS LAGOS,U2,1120.0,286.0,1406.0
JALISCO,SAN JUAN DE LOS LAGOS,U3,2046.0,1269.0,3315.0
JALISCO,SAN JULIÁN,FC,1.0,1.0,2.0
JALISCO,SAN MIGUEL EL ALTO,FC,57.0,5.0,62.0
JALISCO,SAN MIGUEL EL ALTO,U1,8.0,3.0,11.0
JALISCO,SAN MIGUEL EL ALTO,U3,81.0,43.0,124.0
JALISCO,SAN PEDRO TLAQUEPAQUE,FC,25.0,0.0,25.0
JALISCO,SAN PEDRO TLAQUEPAQUE,U1,4420.0,1958.0,6378.0
JALISCO,SAN PEDRO TLAQUEPAQUE,U2,19122.0,6910.0,26032.0
JALISCO,SAN PEDRO TLAQUEPAQUE,U3,10778.0,3248.0,14026.0
JALISCO,SAYULA,FC,16.0,0.0,16.0
JALISCO,SAYULA,U1,11.0,2.0,13.0
JALISCO,SAYULA,U2,74.0,110.0,184.0
JALISCO,SAYULA,U3,217.0,263.0,480.0
JALISCO,TALA,FC,2024.0,602.0,2626.0
JALISCO,TALA,U1,303.0,211.0,514.0
JALISCO,TALA,U2,254.0,606.0,860.0
JALISCO,TALA,U3,1764.0,906.0,2670.0
JALISCO,TAPALPA,FC,204.0,0.0,204.0
JALISCO,TECOLOTLÁN,FC,7.0,9.0,16.0
JALISCO,TEPATITLÁN DE MORELOS,FC,498.0,275.0,773.0
JALISCO,TEPATITLÁN DE MORELOS,U1,342.0,51.0,393.0
JALISCO,TEPATITLÁN DE MORELOS,U2,228.0,108.0,336.0
JALISCO,TEPATITLÁN DE MORELOS,U3,899.0,358.0,1257.0
JALISCO,TEQUILA,U2,3.0,1.0,4.0
JALISCO,TIZAPÁN EL ALTO,FC,18.0,0.0,18.0
JALISCO,TIZAPÁN EL ALTO,U3,6.0,0.0,6.0
JALISCO,TLAJOMULCO DE ZÚÑIGA,FC,15989.0,3491.0,19480.0
JALISCO,TLAJOMULCO DE ZÚÑIGA,U1,5273.0,1424.0,6697.0
JALISCO,TLAJOMULCO DE ZÚÑIGA,U2,12220.0,33401.0,45621.0
JALISCO,TLAJOMULCO DE ZÚÑIGA,U3,77634.0,22815.0,100449.0
JALISCO,TONALÁ,FC,10786.0,6389.0,17175.0
JALISCO,TONALÁ,U1,1120.0,546.0,1666.0
JALISCO,TONALÁ,U2,14708.0,8226.0,22934.0
JALISCO,TONALÁ,U3,16056.0,6336.0,22392.0
JALISCO,TOTOTLÁN,FC,29.0,8.0,37.0
JALISCO,TUXPAN,U1,11.0,3.0,14.0
JALISCO,TUXPAN,U2,50.0,10.0,60.0
JALISCO,TUXPAN,U3,80.0,61.0,141.0
JALISCO,UNIÓN DE SAN ANTONIO,FC,3.0,1.0,4.0
JALISCO,UNIÓN DE TULA,FC,1.0,3.0,4.0
JALISCO,VALLE DE GUADALUPE,FC,108.0,109.0,217.0
JALISCO,VILLA HIDALGO,U3,100.0,0.0,100.0
JALISCO,ZACOALCO DE TORRES,FC,4.0,0.0,4.0
JALISCO,ZACOALCO DE TORRES,U2,79.0,32.0,111.0
JALISCO,ZAPOPAN,FC,22529.0,12198.0,34727.0
JALISCO,ZAPOPAN,U1,848.0,275.0,1123.0
JALISCO,ZAPOPAN,U2,11326.0,7634.0,18960.0
JALISCO,ZAPOPAN,U3,28495.0,14373.0,42868.0
JALISCO,ZAPOTILTIC,U1,2.0,0.0,2.0
JALISCO,ZAPOTILTIC,U2,852.0,360.0,1212.0
JALISCO,ZAPOTILTIC,U3,779.0,418.0,1197.0
JALISCO,ZAPOTLANEJO,FC,588.0,50.0,638.0
JALISCO,ZAPOTLANEJO,U2,111.0,46.0,157.0
JALISCO,ZAPOTLANEJO,U3,705.0,420.0,1125.0
JALISCO,ZAPOTLÁN DEL REY,U2,10.0,6.0,16.0
JALISCO,ZAPOTLÁN EL GRANDE,FC,44.0,1.0,45.0
JALISCO,ZAPOTLÁN EL GRANDE,U1,632.0,206.0,838.0
JALISCO,ZAPOTLÁN EL GRANDE,U2,2272.0,1196.0,3468.0
JALISCO,ZAPOTLÁN EL GRANDE,U3,4329.0,1547.0,5876.0
MICHOACÁN DE OCAMPO,APATZINGÁN,FC,570.0,52.0,622.0
MICHOACÁN DE OCAMPO,APATZINGÁN,U1,21.0,2.0,23.0
MICHOACÁN DE OCAMPO,APATZINGÁN,U2,385.0,165.0,550.0
MICHOACÁN DE OCAMPO,APATZINGÁN,U3,878.0,215.0,1093.0
MICHOACÁN DE OCAMPO,ARIO,U2,0.0,1.0,1.0
MICHOACÁN DE OCAMPO,ARTEAGA,FC,0.0,1.0,1.0
MICHOACÁN DE OCAMPO,COAHUAYANA,FC,8.0,6.0,14.0
MICHOACÁN DE OCAMPO,COALCOMÁN DE VÁZQUEZ PALLARES,FC,9.0,3.0,12.0
MICHOACÁN DE OCAMPO,COTIJA,FC,140.0,0.0,140.0
MICHOACÁN DE OCAMPO,ERONGARÍCUARO,FC,33.0,6.0,39.0
MICHOACÁN DE OCAMPO,GABRIEL ZAMORA,FC,0.0,1.0,1.0
MICHOACÁN DE OCAMPO,HIDALGO,FC,182.0,62.0,244.0
MICHOACÁN DE OCAMPO,HIDALGO,U1,14.0,8.0,22.0
MICHOACÁN DE OCAMPO,HIDALGO,U2,326.0,161.0,487.0
MICHOACÁN DE OCAMPO,HIDALGO,U3,397.0,237.0,634.0
MICHOACÁN DE OCAMPO,HUETAMO,U1,3.0,0.0,3.0
MICHOACÁN DE OCAMPO,JACONA,U2,222.0,142.0,364.0
MICHOACÁN DE OCAMPO,JACONA,U3,43.0,8.0,51.0
MICHOACÁN DE OCAMPO,JIQUILPAN,FC,160.0,50.0,210.0
MICHOACÁN DE OCAMPO,JIQUILPAN,U1,33.0,3.0,36.0
MICHOACÁN DE OCAMPO,JIQUILPAN,U2,260.0,92.0,352.0
MICHOACÁN DE OCAMPO,JIQUILPAN,U3,305.0,192.0,497.0
MICHOACÁN DE OCAMPO,JUÁREZ,FC,0.0,1.0,1.0
MICHOACÁN DE OCAMPO,LA PIEDAD,FC,45.0,0.0,45.0
MICHOACÁN DE OCAMPO,LA PIEDAD,U1,233.0,237.0,470.0
MICHOACÁN DE OCAMPO,LA PIEDAD,U2,2016.0,1560.0,3576.0
MICHOACÁN DE OCAMPO,LA PIEDAD,U3,1283.0,270.0,1553.0
MICHOACÁN DE OCAMPO,LOS REYES,FC,0.0,1.0,1.0
MICHOACÁN DE OCAMPO,LOS REYES,U1,3.0,0.0,3.0
MICHOACÁN DE OCAMPO,LOS REYES,U2,339.0,161.0,500.0
MICHOACÁN DE OCAMPO,LOS REYES,U3,0.0,2.0,2.0
MICHOACÁN DE OCAMPO,LÁZARO CÁRDENAS,FC,711.0,10.0,721.0
MICHOACÁN DE OCAMPO,LÁZARO CÁRDENAS,U1,745.0,300.0,1045.0
MICHOACÁN DE OCAMPO,LÁZARO CÁRDENAS,U2,1448.0,798.0,2246.0
MICHOACÁN DE OCAMPO,LÁZARO CÁRDENAS,U3,1757.0,201.0,1958.0
MICHOACÁN DE OCAMPO,MARAVATÍO,FC,8.0,0.0,8.0
MICHOACÁN DE OCAMPO,MARAVATÍO,U1,14.0,0.0,14.0
MICHOACÁN DE OCAMPO,MARAVATÍO,U2,23.0,23.0,46.0
MICHOACÁN DE OCAMPO,MARAVATÍO,U3,98.0,25.0,123.0
MICHOACÁN DE OCAMPO,MARCOS CASTELLANOS,FC,46.0,42.0,88.0
MICHOACÁN DE OCAMPO,MORELIA,FC,10509.0,1894.0,12403.0
MICHOACÁN DE OCAMPO,MORELIA,U1,3776.0,1335.0,5111.0
MICHOACÁN DE OCAMPO,MORELIA,U2,9003.0,10953.0,19956.0
MICHOACÁN DE OCAMPO,MORELIA,U3,21384.0,12594.0,33978.0
MICHOACÁN DE OCAMPO,MÚGICA,U2,1.0,1.0,2.0
MICHOACÁN DE OCAMPO,MÚGICA,U3,1.0,1.0,2.0
MICHOACÁN DE OCAMPO,NUMARÁN,FC,237.0,72.0,309.0
MICHOACÁN DE OCAMPO,NUMARÁN,U3,69.0,259.0,328.0
MICHOACÁN DE OCAMPO,PAJACUARÁN,FC,2.0,0.0,2.0
MICHOACÁN DE OCAMPO,PARACHO,U3,2.0,0.0,2.0
MICHOACÁN DE OCAMPO,PURUÁNDIRO,U2,17.0,11.0,28.0
MICHOACÁN DE OCAMPO,PURÉPERO,FC,153.0,14.0,167.0
MICHOACÁN DE OCAMPO,PÁTZCUARO,FC,187.0,69.0,256.0
MICHOACÁN DE OCAMPO,PÁTZCUARO,U1,267.0,95.0,362.0
MICHOACÁN DE OCAMPO,PÁTZCUARO,U2,156.0,58.0,214.0
MICHOACÁN DE OCAMPO,PÁTZCUARO,U3,101.0,102.0,203.0
MICHOACÁN DE OCAMPO,SAHUAYO,FC,105.0,51.0,156.0
MICHOACÁN DE OCAMPO,SAHUAYO,U1,251.0,139.0,390.0
MICHOACÁN DE OCAMPO,SAHUAYO,U2,491.0,589.0,1080.0
MICHOACÁN DE OCAMPO,SAHUAYO,U3,272.0,141.0,413.0
MICHOACÁN DE OCAMPO,SALVADOR ESCALANTE,FC,4.0,0.0,4.0
MICHOACÁN DE OCAMPO,TANHUATO,FC,11.0,0.0,11.0
MICHOACÁN DE OCAMPO,TARÍMBARO,FC,4937.0,481.0,5418.0
MICHOACÁN DE OCAMPO,TARÍMBARO,U1,368.0,0.0,368.0
MICHOACÁN DE OCAMPO,TARÍMBARO,U2,650.0,522.0,1172.0
MICHOACÁN DE OCAMPO,TARÍMBARO,U3,4747.0,1847.0,6594.0
MICHOACÁN DE OCAMPO,TINGÜINDÍN,FC,51.0,0.0,51.0
MICHOACÁN DE OCAMPO,URUAPAN,FC,4.0,0.0,4.0
MICHOACÁN DE OCAMPO,URUAPAN,U1,803.0,682.0,1485.0
MICHOACÁN DE OCAMPO,URUAPAN,U2,2189.0,518.0,2707.0
MICHOACÁN DE OCAMPO,URUAPAN,U3,704.0,56.0,760.0
MICHOACÁN DE OCAMPO,VISTA HERMOSA,FC,291.0,224.0,515.0
MICHOACÁN DE OCAMPO,YURÉCUARO,U2,53.0,36.0,89.0
MICHOACÁN DE OCAMPO,YURÉCUARO,U3,18.0,0.0,18.0
MICHOACÁN DE OCAMPO,ZACAPU,FC,135.0,7.0,142.0
MICHOACÁN DE OCAMPO,ZACAPU,ND,7.0,0.0,7.0
MICHOACÁN DE OCAMPO,ZACAPU,U1,11.0,6.0,17.0
MICHOACÁN DE OCAMPO,ZACAPU,U2,314.0,198.0,512.0
MICHOACÁN DE OCAMPO,ZACAPU,U3,124.0,0.0,124.0
MICHOACÁN DE OCAMPO,ZAMORA,FC,2225.0,435.0,2660.0
MICHOACÁN DE OCAMPO,ZAMORA,U1,439.0,141.0,580.0
MICHOACÁN DE OCAMPO,ZAMORA,U2,2255.0,1755.0,4010.0
MICHOACÁN DE OCAMPO,ZAMORA,U3,5894.0,2986.0,8880.0
MICHOACÁN DE OCAMPO,ZINAPÉCUARO,FC,0.0,1.0,1.0
MICHOACÁN DE OCAMPO,ZINAPÉCUARO,U1,11.0,0.0,11.0
MICHOACÁN DE OCAMPO,ZINAPÉCUARO,U2,2.0,3.0,5.0
MICHOACÁN DE OCAMPO,ZINAPÉCUARO,U3,60.0,22.0,82.0
MICHOACÁN DE OCAMPO,ZITÁCUARO,FC,2.0,1.0,3.0
MICHOACÁN DE OCAMPO,ZITÁCUARO,U1,11.0,5.0,16.0
MICHOACÁN DE OCAMPO,ZITÁCUARO,U2,304.0,61.0,365.0
MICHOACÁN DE OCAMPO,ZITÁCUARO,U3,15.0,8.0,23.0
MORELOS,ATLATLAHUCAN,FC,67.0,1.0,68.0
MORELOS,ATLATLAHUCAN,U2,4.0,1.0,5.0
MORELOS,ATLATLAHUCAN,U3,2.0,0.0,2.0
MORELOS,AYALA,FC,5102.0,2323.0,7425.0
MORELOS,AYALA,U2,65.0,1184.0,1249.0
MORELOS,AYALA,U3,2008.0,336.0,2344.0
MORELOS,CUAUTLA,U1,592.0,13.0,605.0
MORELOS,CUAUTLA,U2,207.0,36.0,243.0
MORELOS,CUAUTLA,U3,23.0,3.0,26.0
MORELOS,CUERNAVACA,FC,4.0,0.0,4.0
MORELOS,CUERNAVACA,U1,1037.0,179.0,1216.0
MORELOS,CUERNAVACA,U2,901.0,43.0,944.0
MORELOS,CUERNAVACA,U3,194.0,39.0,233.0
MORELOS,EMILIANO ZAPATA,U1,1672.0,991.0,2663.0
MORELOS,EMILIANO ZAPATA,U2,3745.0,1287.0,5032.0
MORELOS,EMILIANO ZAPATA,U3,6308.0,1423.0,7731.0
MORELOS,HUITZILAC,FC,1.0,0.0,1.0
MORELOS,JIUTEPEC,FC,94.0,1.0,95.0
MORELOS,JIUTEPEC,U1,886.0,346.0,1232.0
MORELOS,JIUTEPEC,U2,655.0,153.0,808.0
MORELOS,JOJUTLA,FC,3666.0,1286.0,4952.0
MORELOS,JOJUTLA,U1,54.0,0.0,54.0
MORELOS,JOJUTLA,U2,197.0,0.0,197.0
MORELOS,JOJUTLA,U3,207.0,194.0,401.0
MORELOS,MIACATLÁN,U2,8.0,0.0,8.0
MORELOS,TEMIXCO,FC,125.0,0.0,125.0
MORELOS,TEMIXCO,U1,36.0,10.0,46.0
MORELOS,TEMIXCO,U2,2291.0,1031.0,3322.0
MORELOS,TEMIXCO,U3,3442.0,697.0,4139.0
MORELOS,TLALTIZAPÁN DE ZAPATA,FC,1611.0,571.0,2182.0
MORELOS,TLAYACAPAN,FC,2299.0,1222.0,3521.0
MORELOS,TLAYACAPAN,U1,255.0,63.0,318.0
MORELOS,TLAYACAPAN,U2,3.0,1.0,4.0
MORELOS,TLAYACAPAN,U3,35.0,0.0,35.0
MORELOS,XOCHITEPEC,FC,7893.0,2404.0,10297.0
MORELOS,XOCHITEPEC,U1,2.0,0.0,2.0
MORELOS,XOCHITEPEC,U2,1340.0,224.0,1564.0
MORELOS,XOCHITEPEC,U3,2067.0,732.0,2799.0
MORELOS,YAUTEPEC,FC,1658.0,701.0,2359.0
MORELOS,YAUTEPEC,U1,303.0,95.0,398.0
MORELOS,YAUTEPEC,U2,4007.0,832.0,4839.0
MORELOS,YAUTEPEC,U3,1330.0,485.0,1815.0
MORELOS,YECAPIXTLA,FC,6350.0,2860.0,9210.0
MORELOS,YECAPIXTLA,U1,60.0,0.0,60.0
MORELOS,YECAPIXTLA,U2,57.0,492.0,549.0
MORELOS,YECAPIXTLA,U3,1491.0,716.0,2207.0
MORELOS,ZACATEPEC,FC,222.0,95.0,317.0
MÉXICO,ACOLMAN,FC,4.0,0.0,4.0
MÉXICO,ACOLMAN,U3,2939.0,823.0,3762.0
MÉXICO,ALMOLOYA DE JUÁREZ,FC,1096.0,217.0,1313.0
MÉXICO,ALMOLOYA DE JUÁREZ,U2,319.0,345.0,664.0
MÉXICO,ALMOLOYA DE JUÁREZ,U3,2146.0,730.0,2876.0
MÉXICO,ATIZAPÁN,FC,38.0,0.0,38.0
MÉXICO,ATIZAPÁN,U3,4.0,0.0,4.0
MÉXICO,ATIZAPÁN DE ZARAGOZA,U1,469.0,5.0,474.0
MÉXICO,ATIZAPÁN DE ZARAGOZA,U2,1108.0,34.0,1142.0
MÉXICO,ATIZAPÁN DE ZARAGOZA,U3,4.0,0.0,4.0
MÉXICO,ATLACOMULCO,FC,1144.0,113.0,1257.0
MÉXICO,ATLACOMULCO,U1,260.0,18.0,278.0
MÉXICO,ATLACOMULCO,U2,279.0,0.0,279.0
MÉXICO,ATLACOMULCO,U3,3698.0,0.0,3698.0
MÉXICO,CALIMAYA,FC,2606.0,200.0,2806.0
MÉXICO,CALIMAYA,U3,4041.0,551.0,4592.0
MÉXICO,CAPULHUAC,U3,23.0,6.0,29.0
MÉXICO,CHALCO,FC,783.0,0.0,783.0
MÉXICO,CHALCO,U1,9.0,0.0,9.0
MÉXICO,CHALCO,U2,3131.0,3432.0,6563.0
MÉXICO,CHALCO,U3,21525.0,6925.0,28450.0
MÉXICO,CHAPULTEPEC,FC,264.0,0.0,264.0
MÉXICO,CHIAUTLA,U2,4.0,0.0,4.0
MÉXICO,CHICOLOAPAN,U2,1218.0,361.0,1579.0
MÉXICO,CHIMALHUACÁN,U2,16.0,0.0,16.0
MÉXICO,COACALCO DE BERRIOZÁBAL,U1,1301.0,186.0,1487.0
MÉXICO,COACALCO DE BERRIOZÁBAL,U2,5308.0,2203.0,7511.0
MÉXICO,CUAUTITLÁN,U1,80.0,0.0,80.0
MÉXICO,CUAUTITLÁN,U2,3086.0,48.0,3134.0
MÉXICO,CUAUTITLÁN,U3,8629.0,3602.0,12231.0
MÉXICO,CUAUTITLÁN IZCALLI,U1,2.0,1.0,3.0
MÉXICO,CUAUTITLÁN IZCALLI,U2,1025.0,182.0,1207.0
MÉXICO,CUAUTITLÁN IZCALLI,U3,52.0,0.0,52.0
MÉXICO,ECATEPEC DE MORELOS,U1,3426.0,1825.0,5251.0
MÉXICO,ECATEPEC DE MORELOS,U2,396.0,81.0,477.0
MÉXICO,ECATEPEC DE MORELOS,U3,243.0,5.0,248.0
MÉXICO,HUEHUETOCA,FC,4.0,652.0,656.0
MÉXICO,HUEHUETOCA,U1,526.0,607.0,1133.0
MÉXICO,HUEHUETOCA,U2,948.0,5041.0,5989.0
MÉXICO,HUEHUETOCA,U3,22792.0,8543.0,31335.0
MÉXICO,HUIXQUILUCAN,U1,4.0,0.0,4.0
MÉXICO,HUIXQUILUCAN,U2,1623.0,490.0,2113.0
MÉXICO,IXTAPALUCA,FC,3606.0,1229.0,4835.0
MÉXICO,IXTAPALUCA,U2,465.0,140.0,605.0
MÉXICO,IXTAPALUCA,U3,45.0,0.0,45.0
MÉXICO,IXTLAHUACA,U1,1.0,0.0,1.0
MÉXICO,IXTLAHUACA,U2,3.0,0.0,3.0
MÉXICO,JALTENCO,U2,8.0,0.0,8.0
MÉXICO,JILOTEPEC,FC,581.0,76.0,657.0
MÉXICO,LA PAZ,U1,65.0,41.0,106.0
MÉXICO,LA PAZ,U2,697.0,111.0,808.0
MÉXICO,LERMA,U1,1226.0,37.0,1263.0
MÉXICO,LERMA,U2,2311.0,555.0,2866.0
MÉXICO,LERMA,U3,1263.0,670.0,1933.0
MÉXICO,MELCHOR OCAMPO,U2,0.0,4.0,4.0
MÉXICO,MELCHOR OCAMPO,U3,3022.0,1618.0,4640.0
MÉXICO,METEPEC,U1,34.0,0.0,34.0
MÉXICO,METEPEC,U2,7.0,0.0,7.0
MÉXICO,METEPEC,U3,137.0,0.0,137.0
MÉXICO,MEXICALTZINGO,U3,60.0,0.0,60.0
MÉXICO,NAUCALPAN DE JUÁREZ,U1,63.0,0.0,63.0
MÉXICO,NAUCALPAN DE JUÁREZ,U2,4.0,0.0,4.0
MÉXICO,NEXTLALPAN,FC,804.0,0.0,804.0
MÉXICO,NEXTLALPAN,U2,19.0,3397.0,3416.0
MÉXICO,NEXTLALPAN,U3,3998.0,2075.0,6073.0
MÉXICO,NEZAHUALCÓYOTL,U1,16.0,0.0,16.0
MÉXICO,NEZAHUALCÓYOTL,U2,60.0,19.0,79.0
MÉXICO,NICOLÁS ROMERO,FC,204.0,0.0,204.0
MÉXICO,NICOLÁS ROMERO,U2,1938.0,421.0,2359.0
MÉXICO,NICOLÁS ROMERO,U3,314.0,0.0,314.0
MÉXICO,OCOYOACAC,FC,1.0,1.0,2.0
MÉXICO,OCOYOACAC,U3,609.0,13.0,622.0
MÉXICO,OTZOLOTEPEC,FC,6650.0,4249.0,10899.0
MÉXICO,OTZOLOTEPEC,U1,20.0,0.0,20.0
MÉXICO,OTZOLOTEPEC,U3,44.0,9.0,53.0
MÉXICO,SAN ANTONIO LA ISLA,U1,576.0,0.0,576.0
MÉXICO,SAN ANTONIO LA ISLA,U2,541.0,0.0,541.0
MÉXICO,SAN MARTÍN DE LAS PIRÁMIDES,U1,8.0,0.0,8.0
MÉXICO,SAN MARTÍN DE LAS PIRÁMIDES,U3,1.0,1.0,2.0
MÉXICO,SAN MATEO ATENCO,U1,3.0,0.0,3.0
MÉXICO,SAN MATEO ATENCO,U2,32.0,2.0,34.0
MÉXICO,SOYANIQUILPAN DE JUÁREZ,FC,80.0,28.0,108.0
MÉXICO,TECÁMAC,FC,1938.0,1048.0,2986.0
MÉXICO,TECÁMAC,U1,5466.0,2087.0,7553.0
MÉXICO,TECÁMAC,U2,28780.0,15157.0,43937.0
MÉXICO,TECÁMAC,U3,34328.0,10847.0,45175.0
MÉXICO,TEMASCALAPA,U3,898.0,293.0,1191.0
MÉXICO,TEMOAYA,FC,2248.0,789.0,3037.0
MÉXICO,TEMOAYA,U1,1.0,0.0,1.0
MÉXICO,TEMOAYA,U2,59.0,0.0,59.0
MÉXICO,TEMOAYA,U3,3.0,0.0,3.0
MÉXICO,TENANCINGO,U1,0.0,7.0,7.0
MÉXICO,TENANGO DEL VALLE,FC,4.0,0.0,4.0
MÉXICO,TENANGO DEL VALLE,U3,8.0,0.0,8.0
MÉXICO,TEXCOCO,FC,28.0,0.0,28.0
MÉXICO,TEXCOCO,U1,35.0,142.0,177.0
MÉXICO,TEXCOCO,U2,827.0,773.0,1600.0
MÉXICO,TEXCOCO,U3,87.0,0.0,87.0
MÉXICO,TIANGUISTENCO,FC,514.0,344.0,858.0
MÉXICO,TIANGUISTENCO,U3,4709.0,2713.0,7422.0
MÉXICO,TLALMANALCO,U3,1745.0,729.0,2474.0
MÉXICO,TLALNEPANTLA DE BAZ,U1,2033.0,427.0,2460.0
MÉXICO,TLALNEPANTLA DE BAZ,U2,1176.0,395.0,1571.0
MÉXICO,TLALNEPANTLA DE BAZ,U3,1.0,0.0,1.0
MÉXICO,TOLUCA,FC,4547.0,357.0,4904.0
MÉXICO,TOLUCA,U1,2163.0,784.0,2947.0
MÉXICO,TOLUCA,U2,2183.0,44.0,2227.0
MÉXICO,TOLUCA,U3,4386.0,1803.0,6189.0
MÉXICO,TONANITLA,U2,306.0,639.0,945.0
MÉXICO,TONANITLA,U3,2394.0,730.0,3124.0
MÉXICO,TULTEPEC,U1,21.0,6.0,27.0
MÉXICO,TULTEPEC,U2,1428.0,905.0,2333.0
MÉXICO,TULTITLÁN,U2,492.0,36.0,528.0
MÉXICO,VALLE DE CHALCO SOLIDARIDAD,U2,99.0,0.0,99.0
MÉXICO,XONACATLÁN,U2,2.0,0.0,2.0
MÉXICO,XONACATLÁN,U3,1566.0,964.0,2530.0
MÉXICO,ZINACANTEPEC,FC,117.0,39.0,156.0
MÉXICO,ZINACANTEPEC,U2,1179.0,205.0,1384.0
MÉXICO,ZINACANTEPEC,U3,5464.0,2142.0,7606.0
MÉXICO,ZUMPANGO,FC,5087.0,5458.0,10545.0
MÉXICO,ZUMPANGO,U2,5963.0,8518.0,14481.0
MÉXICO,ZUMPANGO,U3,27997.0,18813.0,46810.0
NAYARIT,ACAPONETA,U1,2.0,0.0,2.0
NAYARIT,AHUACATLÁN,FC,25.0,0.0,25.0
NAYARIT,BAHÍA DE BANDERAS,FC,4803.0,1747.0,6550.0
NAYARIT,BAHÍA DE BANDERAS,U1,549.0,243.0,792.0
NAYARIT,BAHÍA DE BANDERAS,U2,4621.0,4012.0,8633.0
NAYARIT,BAHÍA DE BANDERAS,U3,17840.0,5480.0,23320.0
NAYARIT,COMPOSTELA,FC,51.0,1.0,52.0
NAYARIT,COMPOSTELA,U1,62.0,18.0,80.0
NAYARIT,COMPOSTELA,U2,64.0,42.0,106.0
NAYARIT,COMPOSTELA,U3,53.0,20.0,73.0
NAYARIT,IXTLÁN DEL RÍO,U2,2.0,0.0,2.0
NAYARIT,IXTLÁN DEL RÍO,U3,122.0,65.0,187.0
NAYARIT,SANTA MARÍA DEL ORO,FC,175.0,23.0,198.0
NAYARIT,SANTIAGO IXCUINTLA,FC,32.0,19.0,51.0
NAYARIT,SANTIAGO IXCUINTLA,U1,10.0,2.0,12.0
NAYARIT,SANTIAGO IXCUINTLA,U3,239.0,133.0,372.0
NAYARIT,TEPIC,FC,657.0,13.0,670.0
NAYARIT,TEPIC,U1,328.0,65.0,393.0
NAYARIT,TEPIC,U2,3606.0,2839.0,6445.0
NAYARIT,TEPIC,U3,5383.0,1094.0,6477.0
NAYARIT,TUXPAN,U2,2.0,1.0,3.0
NAYARIT,TUXPAN,U3,3.0,1.0,4.0
NAYARIT,XALISCO,FC,126.0,3.0,129.0
NAYARIT,XALISCO,U1,167.0,56.0,223.0
NAYARIT,XALISCO,U2,2236.0,535.0,2771.0
NAYARIT,XALISCO,U3,711.0,256.0,967.0
NUEVO LEÓN,ALLENDE,FC,113.0,1.0,114.0
NUEVO LEÓN,ALLENDE,U2,618.0,395.0,1013.0
NUEVO LEÓN,ALLENDE,U3,68.0,0.0,68.0
NUEVO LEÓN,ANÁHUAC,U3,397.0,208.0,605.0
NUEVO LEÓN,APODACA,FC,6569.0,3628.0,10197.0
NUEVO LEÓN,APODACA,ND,7.0,0.0,7.0
NUEVO LEÓN,APODACA,U1,10109.0,3631.0,13740.0
NUEVO LEÓN,APODACA,U2,23213.0,6812.0,30025.0
NUEVO LEÓN,APODACA,U3,29063.0,11295.0,40358.0
NUEVO LEÓN,CADEREYTA JIMÉNEZ,FC,5460.0,6869.0,12329.0
NUEVO LEÓN,CADEREYTA JIMÉNEZ,U1,100.0,24.0,124.0
NUEVO LEÓN,CADEREYTA JIMÉNEZ,U2,4168.0,1771.0,5939.0
NUEVO LEÓN,CADEREYTA JIMÉNEZ,U3,6375.0,3402.0,9777.0
NUEVO LEÓN,CERRALVO,FC,214.0,40.0,254.0
NUEVO LEÓN,CIÉNEGA DE FLORES,FC,3874.0,1619.0,5493.0
NUEVO LEÓN,CIÉNEGA DE FLORES,ND,1.0,0.0,1.0
NUEVO LEÓN,CIÉNEGA DE FLORES,U1,121.0,9.0,130.0
NUEVO LEÓN,CIÉNEGA DE FLORES,U2,4563.0,7433.0,11996.0
NUEVO LEÓN,CIÉNEGA DE FLORES,U3,15579.0,5602.0,21181.0
NUEVO LEÓN,DOCTOR GONZÁLEZ,FC,8.0,0.0,8.0
NUEVO LEÓN,EL CARMEN,FC,1831.0,1463.0,3294.0
NUEVO LEÓN,EL CARMEN,U2,3583.0,12149.0,15732.0
NUEVO LEÓN,EL CARMEN,U3,24903.0,12849.0,37752.0
NUEVO LEÓN,GARCÍA,FC,11027.0,2881.0,13908.0
NUEVO LEÓN,GARCÍA,U1,3073.0,1818.0,4891.0
NUEVO LEÓN,GARCÍA,U2,14878.0,24877.0,39755.0
NUEVO LEÓN,GARCÍA,U3,61430.0,34536.0,95966.0
NUEVO LEÓN,GENERAL ESCOBEDO,FC,11260.0,5098.0,16358.0
NUEVO LEÓN,GENERAL ESCOBEDO,U1,3870.0,1932.0,5802.0
NUEVO LEÓN,GENERAL ESCOBEDO,U2,12819.0,8545.0,21364.0
NUEVO LEÓN,GENERAL ESCOBEDO,U3,17458.0,6219.0,23677.0
NUEVO LEÓN,GENERAL TERÁN,FC,171.0,28.0,199.0
NUEVO LEÓN,GENERAL ZUAZUA,FC,11064.0,14364.0,25428.0
NUEVO LEÓN,GENERAL ZUAZUA,U2,100.0,1.0,101.0
NUEVO LEÓN,GENERAL ZUAZUA,U3,671.0,140.0,811.0
NUEVO LEÓN,GUADALUPE,FC,40.0,0.0,40.0
NUEVO LEÓN,GUADALUPE,U1,3955.0,1366.0,5321.0
NUEVO LEÓN,GUADALUPE,U2,3747.0,807.0,4554.0
NUEVO LEÓN,GUADALUPE,U3,6235.0,2420.0,8655.0
NUEVO LEÓN,HUALAHUISES,FC,4.0,0.0,4.0
NUEVO LEÓN,JUÁREZ,FC,12021.0,2487.0,14508.0
NUEVO LEÓN,JUÁREZ,U1,6598.0,3948.0,10546.0
NUEVO LEÓN,JUÁREZ,U2,24893.0,32302.0,57195.0
NUEVO LEÓN,JUÁREZ,U3,64007.0,40067.0,104074.0
NUEVO LEÓN,LINARES,FC,203.0,0.0,203.0
NUEVO LEÓN,LINARES,U1,80.0,0.0,80.0
NUEVO LEÓN,LINARES,U2,799.0,809.0,1608.0
NUEVO LEÓN,LINARES,U3,616.0,367.0,983.0
NUEVO LEÓN,MONTEMORELOS,FC,171.0,0.0,171.0
NUEVO LEÓN,MONTEMORELOS,U1,234.0,32.0,266.0
NUEVO LEÓN,MONTEMORELOS,U2,589.0,902.0,1491.0
NUEVO LEÓN,MONTEMORELOS,U3,2869.0,816.0,3685.0
NUEVO LEÓN,MONTERREY,FC,363.0,0.0,363.0
NUEVO LEÓN,MONTERREY,U1,2256.0,2.0,2258.0
NUEVO LEÓN,MONTERREY,U2,2790.0,583.0,3373.0
NUEVO LEÓN,MONTERREY,U3,774.0,24.0,798.0
NUEVO LEÓN,PESQUERÍA,FC,26141.0,6915.0,33056.0
NUEVO LEÓN,PESQUERÍA,ND,14.0,0.0,14.0
NUEVO LEÓN,PESQUERÍA,U2,1694.0,11657.0,13351.0
NUEVO LEÓN,PESQUERÍA,U3,14562.0,6707.0,21269.0
NUEVO LEÓN,SABINAS HIDALGO,FC,352.0,3.0,355.0
NUEVO LEÓN,SABINAS HIDALGO,U1,43.0,42.0,85.0
NUEVO LEÓN,SABINAS HIDALGO,U2,158.0,190.0,348.0
NUEVO LEÓN,SABINAS HIDALGO,U3,459.0,166.0,625.0
NUEVO LEÓN,SALINAS VICTORIA,FC,10223.0,3185.0,13408.0
NUEVO LEÓN,SALINAS VICTORIA,U1,1937.0,628.0,2565.0
NUEVO LEÓN,SALINAS VICTORIA,U2,2345.0,5923.0,8268.0
NUEVO LEÓN,SALINAS VICTORIA,U3,20599.0,9228.0,29827.0
NUEVO LEÓN,SAN NICOLÁS DE LOS GARZA,U1,337.0,6.0,343.0
NUEVO LEÓN,SAN NICOLÁS DE LOS GARZA,U2,793.0,33.0,826.0
NUEVO LEÓN,SANTA CATARINA,FC,492.0,0.0,492.0
NUEVO LEÓN,SANTA CATARINA,U1,238.0,56.0,294.0
NUEVO LEÓN,SANTA CATARINA,U2,7533.0,3548.0,11081.0
NUEVO LEÓN,SANTA CATARINA,U3,1550.0,358.0,1908.0
NUEVO LEÓN,SANTIAGO,U3,55.0,11.0,66.0
OAXACA,CIUDAD IXTEPEC,U2,183.0,49.0,232.0
OAXACA,CUILÁPAM DE GUERRERO,FC,518.0,205.0,723.0
OAXACA,GUADALUPE ETLA,FC,12.0,10.0,22.0
OAXACA,HEROICA CIUDAD DE HUAJUAPAN DE LEÓN,FC,614.0,80.0,694.0
OAXACA,HEROICA CIUDAD DE HUAJUAPAN DE LEÓN,U1,28.0,14.0,42.0
OAXACA,HEROICA CIUDAD DE HUAJUAPAN DE LEÓN,U2,126.0,63.0,189.0
OAXACA,HEROICA CIUDAD DE HUAJUAPAN DE LEÓN,U3,208.0,62.0,270.0
OAXACA,JUCHITÁN DE ZARAGOZA,U1,100.0,0.0,100.0
OAXACA,OAXACA DE JUÁREZ,FC,163.0,0.0,163.0
OAXACA,OAXACA DE JUÁREZ,U1,613.0,263.0,876.0
OAXACA,OAXACA DE JUÁREZ,U2,620.0,81.0,701.0
OAXACA,OAXACA DE JUÁREZ,U3,7.0,1.0,8.0
OAXACA,REYES ETLA,FC,4.0,0.0,4.0
OAXACA,SALINA CRUZ,FC,160.0,0.0,160.0
OAXACA,SALINA CRUZ,U1,78.0,4.0,82.0
OAXACA,SALINA CRUZ,U2,77.0,0.0,77.0
OAXACA,SALINA CRUZ,U3,108.0,1.0,109.0
OAXACA,SAN AGUSTÍN DE LAS JUNTAS,U1,1.0,2.0,3.0
OAXACA,SAN ANDRÉS HUAYÁPAM,U2,14.0,0.0,14.0
OAXACA,SAN ANTONIO DE LA CAL,U3,2.0,2.0,4.0
OAXACA,SAN FRANCISCO LACHIGOLÓ,FC,20.0,2.0,22.0
OAXACA,SAN JACINTO AMILPAS,U1,259.0,95.0,354.0
OAXACA,SAN JACINTO AMILPAS,U2,294.0,23.0,317.0
OAXACA,SAN JUAN BAUTISTA TUXTEPEC,FC,4.0,0.0,4.0
OAXACA,SAN JUAN BAUTISTA TUXTEPEC,U2,693.0,183.0,876.0
OAXACA,SAN JUAN BAUTISTA TUXTEPEC,U3,833.0,140.0,973.0
OAXACA,SAN LORENZO CACAOTEPEC,U1,2.0,0.0,2.0
OAXACA,SAN PEDRO IXTLAHUACA,FC,4.0,4.0,8.0
OAXACA,SAN PEDRO MIXTEPEC -DTO. 22 -,FC,90.0,3.0,93.0
OAXACA,SAN PEDRO MIXTEPEC -DTO. 22 -,U2,6.0,0.0,6.0
OAXACA,SAN PEDRO MIXTEPEC -DTO. 22 -,U3,4.0,0.0,4.0
OAXACA,SAN RAYMUNDO JALPAN,U3,9.0,6.0,15.0
OAXACA,SAN SEBASTIÁN TUTLA,U1,0.0,2.0,2.0
OAXACA,SANTA CRUZ XOXOCOTLÁN,FC,41.0,3.0,44.0
OAXACA,SANTA CRUZ XOXOCOTLÁN,U1,156.0,68.0,224.0
OAXACA,SANTA CRUZ XOXOCOTLÁN,U2,963.0,743.0,1706.0
OAXACA,SANTA CRUZ XOXOCOTLÁN,U3,3309.0,802.0,4111.0
OAXACA,SANTA LUCÍA DEL CAMINO,U1,3.0,1.0,4.0
OAXACA,SANTA LUCÍA DEL CAMINO,U2,4.0,1.0,5.0
OAXACA,SANTA MARÍA ATZOMPA,FC,1694.0,420.0,2114.0
OAXACA,SANTA MARÍA ATZOMPA,U1,98.0,37.0,135.0
OAXACA,SANTA MARÍA ATZOMPA,U2,48.0,6.0,54.0
OAXACA,SANTA MARÍA ATZOMPA,U3,1703.0,263.0,1966.0
OAXACA,SANTA MARÍA COLOTEPEC,FC,8.0,0.0,8.0
OAXACA,SANTA MARÍA COLOTEPEC,U3,88.0,0.0,88.0
OAXACA,SANTA MARÍA HUATULCO,U2,231.0,75.0,306.0
OAXACA,SANTA MARÍA HUATULCO,U3,1789.0,846.0,2635.0
OAXACA,SANTO DOMINGO TEHUANTEPEC,FC,39.0,1.0,40.0
OAXACA,SANTO DOMINGO TEHUANTEPEC,U1,114.0,45.0,159.0
OAXACA,SANTO DOMINGO TEHUANTEPEC,U2,22.0,69.0,91.0
OAXACA,SANTO DOMINGO TEHUANTEPEC,U3,135.0,37.0,172.0
OAXACA,TLACOLULA DE MATAMOROS,FC,2086.0,573.0,2659.0
OAXACA,TLACOLULA DE MATAMOROS,U2,36.0,728.0,764.0
OAXACA,TLACOLULA DE MATAMOROS,U3,1966.0,606.0,2572.0
OAXACA,VILLA DE ZAACHILA,U3,0.0,1.0,1.0
PUEBLA,AHUAZOTEPEC,FC,4.0,1.0,5.0
PUEBLA,AMOZOC,FC,21.0,0.0,21.0
PUEBLA,AMOZOC,U1,1021.0,522.0,1543.0
PUEBLA,AMOZOC,U2,940.0,262.0,1202.0
PUEBLA,AMOZOC,U3,1841.0,1036.0,2877.0
PUEBLA,ATEMPAN,FC,2.0,0.0,2.0
PUEBLA,ATEMPAN,U1,4.0,2.0,6.0
PUEBLA,ATEMPAN,U3,17.0,6.0,23.0
PUEBLA,ATLIXCO,FC,2319.0,1100.0,3419.0
PUEBLA,ATLIXCO,U1,268.0,11.0,279.0
PUEBLA,ATLIXCO,U2,81.0,29.0,110.0
PUEBLA,ATLIXCO,U3,688.0,184.0,872.0
PUEBLA,CHALCHICOMULA DE SESMA,FC,92.0,92.0,184.0
PUEBLA,CHALCHICOMULA DE SESMA,U1,110.0,0.0,110.0
PUEBLA,CHALCHICOMULA DE SESMA,U3,3.0,0.0,3.0
PUEBLA,CHIGNAHUAPAN,FC,68.0,1.0,69.0
PUEBLA,CHIGNAHUAPAN,U1,32.0,0.0,32.0
PUEBLA,CHIGNAHUAPAN,U2,2.0,1.0,3.0
PUEBLA,CHIGNAHUAPAN,U3,187.0,30.0,217.0
PUEBLA,CHIGNAUTLA,FC,0.0,1.0,1.0
PUEBLA,CHIGNAUTLA,U2,2.0,3.0,5.0
PUEBLA,CHIGNAUTLA,U3,67.0,28.0,95.0
PUEBLA,CORONANGO,FC,507.0,0.0,507.0
PUEBLA,CORONANGO,U1,7224.0,2679.0,9903.0
PUEBLA,CORONANGO,U2,4248.0,2822.0,7070.0
PUEBLA,CORONANGO,U3,10253.0,2076.0,12329.0
PUEBLA,CUAUTINCHÁN,FC,2.0,0.0,2.0
PUEBLA,CUAUTLANCINGO,FC,486.0,146.0,632.0
PUEBLA,CUAUTLANCINGO,U1,11585.0,5441.0,17026.0
PUEBLA,CUAUTLANCINGO,U2,5698.0,1017.0,6715.0
PUEBLA,CUAUTLANCINGO,U3,7633.0,2731.0,10364.0
PUEBLA,CUETZALAN DEL PROGRESO,FC,2.0,0.0,2.0
PUEBLA,HUAUCHINANGO,FC,4.0,0.0,4.0
PUEBLA,HUAUCHINANGO,U1,26.0,4.0,30.0
PUEBLA,HUAUCHINANGO,U2,711.0,211.0,922.0
PUEBLA,HUAUCHINANGO,U3,94.0,43.0,137.0
PUEBLA,HUEJOTZINGO,FC,26.0,0.0,26.0
PUEBLA,HUEJOTZINGO,U1,584.0,234.0,818.0
PUEBLA,HUEJOTZINGO,U2,1796.0,5813.0,7609.0
PUEBLA,HUEJOTZINGO,U3,13796.0,7619.0,21415.0
PUEBLA,HUEYTAMALCO,FC,6.0,3.0,9.0
PUEBLA,IZÚCAR DE MATAMOROS,FC,31.0,0.0,31.0
PUEBLA,IZÚCAR DE MATAMOROS,U1,56.0,12.0,68.0
PUEBLA,IZÚCAR DE MATAMOROS,U2,478.0,170.0,648.0
PUEBLA,JUAN C. BONILLA,FC,3.0,1.0,4.0
PUEBLA,JUAN C. BONILLA,U1,2147.0,656.0,2803.0
PUEBLA,JUAN C. BONILLA,U3,8.0,2.0,10.0
PUEBLA,NOPALUCAN,U1,91.0,40.0,131.0
PUEBLA,NOPALUCAN,U2,54.0,0.0,54.0
PUEBLA,OCOYUCAN,FC,504.0,80.0,584.0
PUEBLA,OCOYUCAN,U2,1.0,1.0,2.0
PUEBLA,OCOYUCAN,U3,169.0,39.0,208.0
PUEBLA,PUEBLA,FC,3788.0,679.0,4467.0
PUEBLA,PUEBLA,U1,3802.0,1782.0,5584.0
PUEBLA,PUEBLA,U2,22164.0,11583.0,33747.0
PUEBLA,PUEBLA,U3,13543.0,5048.0,18591.0
PUEBLA,SAN ANDRÉS CHOLULA,U1,41.0,5.0,46.0
PUEBLA,SAN ANDRÉS CHOLULA,U2,332.0,80.0,412.0
PUEBLA,SAN ANDRÉS CHOLULA,U3,101.0,24.0,125.0
PUEBLA,SAN JOSÉ CHIAPA,FC,1737.0,598.0,2335.0
PUEBLA,SAN MARTÍN TEXMELUCAN,U1,57.0,20.0,77.0
PUEBLA,SAN MARTÍN TEXMELUCAN,U2,5131.0,2433.0,7564.0
PUEBLA,SAN MARTÍN TEXMELUCAN,U3,505.0,402.0,907.0
PUEBLA,SAN PEDRO CHOLULA,FC,19.0,0.0,19.0
PUEBLA,SAN PEDRO CHOLULA,U1,176.0,3.0,179.0
PUEBLA,SAN PEDRO CHOLULA,U2,65.0,8.0,73.0
PUEBLA,SAN PEDRO CHOLULA,U3,233.0,2.0,235.0
PUEBLA,SAN SALVADOR EL VERDE,FC,38.0,43.0,81.0
PUEBLA,SAN SALVADOR EL VERDE,U1,24.0,0.0,24.0
PUEBLA,SAN SALVADOR EL VERDE,U2,18.0,582.0,600.0
PUEBLA,SAN SALVADOR EL VERDE,U3,426.0,19.0,445.0
PUEBLA,TECAMACHALCO,U1,3.0,0.0,3.0
PUEBLA,TECAMACHALCO,U2,427.0,217.0,644.0
PUEBLA,TECAMACHALCO,U3,85.0,0.0,85.0
PUEBLA,TEHUACÁN,FC,140.0,0.0,140.0
PUEBLA,TEHUACÁN,U1,1667.0,1299.0,2966.0
PUEBLA,TEHUACÁN,U2,6490.0,2665.0,9155.0
PUEBLA,TEHUACÁN,U3,2189.0,1062.0,3251.0
PUEBLA,TEPEACA,U1,74.0,24.0,98.0
PUEBLA,TEPEACA,U2,87.0,3.0,90.0
PUEBLA,TETELES DE ÁVILA CASTILLO,U2,7.0,2.0,9.0
PUEBLA,TEZIUTLÁN,FC,88.0,25.0,113.0
PUEBLA,TEZIUTLÁN,U1,1648.0,863.0,2511.0
PUEBLA,TEZIUTLÁN,U2,1185.0,971.0,2156.0
PUEBLA,TEZIUTLÁN,U3,92.0,59.0,151.0
PUEBLA,TIANGUISMANALCO,FC,734.0,708.0,1442.0
PUEBLA,TLATLAUQUITEPEC,FC,22.0,8.0,30.0
PUEBLA,XIUTETELCO,U1,239.0,5.0,244.0
PUEBLA,YAONÁHUAC,U2,0.0,1.0,1.0
PUEBLA,ZACAPOAXTLA,FC,3.0,0.0,3.0
PUEBLA,ZACAPOAXTLA,U1,26.0,2.0,28.0
PUEBLA,ZACAPOAXTLA,U2,50.0,0.0,50.0
PUEBLA,ZACAPOAXTLA,U3,7.0,3.0,10.0
PUEBLA,ZACATLÁN,U2,42.0,19.0,61.0
PUEBLA,ZARAGOZA,FC,5.0,2.0,7.0
QUERÉTARO,AMEALCO DE BONFIL,FC,108.0,3.0,111.0
QUERÉTARO,COLÓN,FC,24.0,0.0,24.0
QUERÉTARO,CORREGIDORA,FC,5132.0,1691.0,6823.0
QUERÉTARO,CORREGIDORA,U1,169.0,4.0,173.0
QUERÉTARO,CORREGIDORA,U2,6833.0,1232.0,8065.0
QUERÉTARO,CORREGIDORA,U3,9048.0,1911.0,10959.0
QUERÉTARO,EL MARQUÉS,FC,43536.0,15844.0,59380.0
QUERÉTARO,EL MARQUÉS,U1,2.0,0.0,2.0
QUERÉTARO,EL MARQUÉS,U2,1105.0,6831.0,7936.0
QUERÉTARO,EL MARQUÉS,U3,14600.0,7840.0,22440.0
QUERÉTARO,EZEQUIEL MONTES,FC,106.0,0.0,106.0
QUERÉTARO,PEDRO ESCOBEDO,FC,2451.0,975.0,3426.0
QUERÉTARO,QUERÉTARO,FC,5936.0,701.0,6637.0
QUERÉTARO,QUERÉTARO,ND,3.0,0.0,3.0
QUERÉTARO,QUERÉTARO,U1,3554.0,779.0,4333.0
QUERÉTARO,QUERÉTARO,U2,16527.0,12421.0,28948.0
QUERÉTARO,QUERÉTARO,U3,46740.0,10472.0,57212.0
QUERÉTARO,SAN JUAN DEL RÍO,FC,2998.0,1258.0,4256.0
QUERÉTARO,SAN JUAN DEL RÍO,U1,110.0,3.0,113.0
QUERÉTARO,SAN JUAN DEL RÍO,U2,7079.0,2200.0,9279.0
QUERÉTARO,SAN JUAN DEL RÍO,U3,10132.0,4299.0,14431.0
QUERÉTARO,TEQUISQUIAPAN,FC,55.0,7.0,62.0
QUERÉTARO,TEQUISQUIAPAN,U1,19.0,4.0,23.0
QUERÉTARO,TEQUISQUIAPAN,U2,32.0,16.0,48.0
QUERÉTARO,TEQUISQUIAPAN,U3,1985.0,0.0,1985.0
QUINTANA ROO,BACALAR,FC,2.0,0.0,2.0
QUINTANA ROO,BENITO JUÁREZ,FC,6673.0,964.0,7637.0
QUINTANA ROO,BENITO JUÁREZ,U1,2082.0,699.0,2781.0
QUINTANA ROO,BENITO JUÁREZ,U2,27462.0,35877.0,63339.0
QUINTANA ROO,BENITO JUÁREZ,U3,91337.0,37415.0,128752.0
QUINTANA ROO,COZUMEL,FC,516.0,24.0,540.0
QUINTANA ROO,COZUMEL,U1,266.0,0.0,266.0
QUINTANA ROO,COZUMEL,U2,751.0,949.0,1700.0
QUINTANA ROO,COZUMEL,U3,1426.0,828.0,2254.0
QUINTANA ROO,FELIPE CARRILLO PUERTO,FC,192.0,0.0,192.0
QUINTANA ROO,FELIPE CARRILLO PUERTO,U1,2.0,5.0,7.0
QUINTANA ROO,FELIPE CARRILLO PUERTO,U2,1.0,0.0,1.0
QUINTANA ROO,FELIPE CARRILLO PUERTO,U3,131.0,26.0,157.0
QUINTANA ROO,OTHÓN P. BLANCO,FC,14.0,0.0,14.0
QUINTANA ROO,OTHÓN P. BLANCO,U1,133.0,2.0,135.0
QUINTANA ROO,OTHÓN P. BLANCO,U2,1560.0,1599.0,3159.0
QUINTANA ROO,OTHÓN P. BLANCO,U3,5584.0,2636.0,8220.0
QUINTANA ROO,PUERTO MORELOS,FC,2519.0,615.0,3134.0
QUINTANA ROO,PUERTO MORELOS,U3,314.0,99.0,413.0
QUINTANA ROO,SOLIDARIDAD,FC,11600.0,2161.0,13761.0
QUINTANA ROO,SOLIDARIDAD,U1,6.0,2.0,8.0
QUINTANA ROO,SOLIDARIDAD,U2,18962.0,19955.0,38917.0
QUINTANA ROO,SOLIDARIDAD,U3,53338.0,24805.0,78143.0
QUINTANA ROO,TULUM,FC,11744.0,7202.0,18946.0
QUINTANA ROO,TULUM,U2,160.0,0.0,160.0
QUINTANA ROO,TULUM,U3,975.0,62.0,1037.0
SAN LUIS POTOSÍ,AXTLA DE TERRAZAS,FC,73.0,22.0,95.0
SAN LUIS POTOSÍ,CEDRAL,FC,28.0,0.0,28.0
SAN LUIS POTOSÍ,CERRITOS,FC,53.0,0.0,53.0
SAN LUIS POTOSÍ,CERRITOS,U2,3.0,37.0,40.0
SAN LUIS POTOSÍ,CERRITOS,U3,142.0,44.0,186.0
SAN LUIS POTOSÍ,CERRO DE SAN PEDRO,FC,281.0,0.0,281.0
SAN LUIS POTOSÍ,CHARCAS,FC,294.0,0.0,294.0
SAN LUIS POTOSÍ,CIUDAD FERNÁNDEZ,FC,4.0,0.0,4.0
SAN LUIS POTOSÍ,CIUDAD FERNÁNDEZ,U2,2.0,2.0,4.0
SAN LUIS POTOSÍ,CIUDAD FERNÁNDEZ,U3,8.0,15.0,23.0
SAN LUIS POTOSÍ,CIUDAD VALLES,FC,1802.0,27.0,1829.0
SAN LUIS POTOSÍ,CIUDAD VALLES,U1,116.0,19.0,135.0
SAN LUIS POTOSÍ,CIUDAD VALLES,U2,1829.0,366.0,2195.0
SAN LUIS POTOSÍ,CIUDAD VALLES,U3,1642.0,416.0,2058.0
SAN LUIS POTOSÍ,CÁRDENAS,FC,8.0,0.0,8.0
SAN LUIS POTOSÍ,CÁRDENAS,U2,55.0,15.0,70.0
SAN LUIS POTOSÍ,CÁRDENAS,U3,11.0,2.0,13.0
SAN LUIS POTOSÍ,EBANO,U2,116.0,26.0,142.0
SAN LUIS POTOSÍ,EL NARANJO,FC,4.0,1.0,5.0
SAN LUIS POTOSÍ,EL NARANJO,U3,1.0,1.0,2.0
SAN LUIS POTOSÍ,MATEHUALA,FC,96.0,0.0,96.0
SAN LUIS POTOSÍ,MATEHUALA,U1,84.0,3.0,87.0
SAN LUIS POTOSÍ,MATEHUALA,U2,1460.0,613.0,2073.0
SAN LUIS POTOSÍ,MATEHUALA,U3,1210.0,63.0,1273.0
SAN LUIS POTOSÍ,MATLAPA,FC,24.0,0.0,24.0
SAN LUIS POTOSÍ,MEXQUITIC DE CARMONA,FC,39.0,0.0,39.0
SAN LUIS POTOSÍ,RIOVERDE,FC,4.0,0.0,4.0
SAN LUIS POTOSÍ,RIOVERDE,U1,229.0,24.0,253.0
SAN LUIS POTOSÍ,RIOVERDE,U2,331.0,109.0,440.0
SAN LUIS POTOSÍ,RIOVERDE,U3,591.0,12.0,603.0
SAN LUIS POTOSÍ,SALINAS,U1,14.0,0.0,14.0
SAN LUIS POTOSÍ,SALINAS,U2,30.0,20.0,50.0
SAN LUIS POTOSÍ,SALINAS,U3,14.0,0.0,14.0
SAN LUIS POTOSÍ,SAN LUIS POTOSÍ,FC,11416.0,1504.0,12920.0
SAN LUIS POTOSÍ,SAN LUIS POTOSÍ,U1,5000.0,1894.0,6894.0
SAN LUIS POTOSÍ,SAN LUIS POTOSÍ,U2,18544.0,7729.0,26273.0
SAN LUIS POTOSÍ,SAN LUIS POTOSÍ,U3,15622.0,3732.0,19354.0
SAN LUIS POTOSÍ,SAN VICENTE TANCUAYALAB,FC,1.0,0.0,1.0
SAN LUIS POTOSÍ,SANTA MARÍA DEL RÍO,FC,12.0,0.0,12.0
SAN LUIS POTOSÍ,SOLEDAD DE GRACIANO SÁNCHEZ,FC,3418.0,335.0,3753.0
SAN LUIS POTOSÍ,SOLEDAD DE GRACIANO SÁNCHEZ,ND,1.0,0.0,1.0
SAN LUIS POTOSÍ,SOLEDAD DE GRACIANO SÁNCHEZ,U1,1213.0,334.0,1547.0
SAN LUIS POTOSÍ,SOLEDAD DE GRACIANO SÁNCHEZ,U2,11800.0,5969.0,17769.0
SAN LUIS POTOSÍ,SOLEDAD DE GRACIANO SÁNCHEZ,U3,16339.0,6226.0,22565.0
SAN LUIS POTOSÍ,TAMAZUNCHALE,U1,2.0,2.0,4.0
SAN LUIS POTOSÍ,TAMAZUNCHALE,U2,14.0,0.0,14.0
SAN LUIS POTOSÍ,TAMAZUNCHALE,U3,20.0,11.0,31.0
SAN LUIS POTOSÍ,TAMUÍN,U1,15.0,3.0,18.0
SAN LUIS POTOSÍ,TAMUÍN,U2,44.0,19.0,63.0
SAN LUIS POTOSÍ,TAMUÍN,U3,54.0,0.0,54.0
SAN LUIS POTOSÍ,VENADO,FC,32.0,10.0,42.0
SAN LUIS POTOSÍ,VILLA DE POZOS,FC,289.0,0.0,289.0
SAN LUIS POTOSÍ,VILLA DE POZOS,U1,1.0,0.0,1.0
SAN LUIS POTOSÍ,VILLA DE POZOS,U2,6.0,6.0,12.0
SAN LUIS POTOSÍ,VILLA DE POZOS,U3,411.0,289.0,700.0
SAN LUIS POTOSÍ,VILLA DE REYES,FC,1946.0,585.0,2531.0
SINALOA,AHOME,FC,1309.0,39.0,1348.0
SINALOA,AHOME,ND,7.0,0.0,7.0
SINALOA,AHOME,U1,290.0,126.0,416.0
SINALOA,AHOME,U2,8804.0,6028.0,14832.0
SINALOA,AHOME,U3,10433.0,4496.0,14929.0
SINALOA,ANGOSTURA,FC,152.0,0.0,152.0
SINALOA,CHOIX,FC,4.0,0.0,4.0
SINALOA,CONCORDIA,FC,10.0,2.0,12.0
SINALOA,COSALÁ,FC,88.0,0.0,88.0
SINALOA,CULIACÁN,FC,5042.0,201.0,5243.0
SINALOA,CULIACÁN,U1,6034.0,2514.0,8548.0
SINALOA,CULIACÁN,U2,20344.0,10600.0,30944.0
SINALOA,CULIACÁN,U3,33282.0,10953.0,44235.0
SINALOA,EL FUERTE,FC,129.0,78.0,207.0
SINALOA,ESCUINAPA,FC,70.0,7.0,77.0
SINALOA,ESCUINAPA,U1,3.0,0.0,3.0
SINALOA,ESCUINAPA,U3,90.0,17.0,107.0
SINALOA,GUASAVE,FC,447.0,29.0,476.0
SINALOA,GUASAVE,U1,337.0,128.0,465.0
SINALOA,GUASAVE,U2,930.0,1310.0,2240.0
SINALOA,GUASAVE,U3,4398.0,1690.0,6088.0
SINALOA,MAZATLÁN,FC,3824.0,382.0,4206.0
SINALOA,MAZATLÁN,U1,1381.0,668.0,2049.0
SINALOA,MAZATLÁN,U2,9118.0,5526.0,14644.0
SINALOA,MAZATLÁN,U3,16549.0,7723.0,24272.0
SINALOA,MOCORITO,FC,1.0,0.0,1.0
SINALOA,NAVOLATO,FC,248.0,66.0,314.0
SINALOA,NAVOLATO,U1,179.0,0.0,179.0
SINALOA,NAVOLATO,U2,276.0,166.0,442.0
SINALOA,ROSARIO,FC,74.0,33.0,107.0
SINALOA,ROSARIO,U1,71.0,14.0,85.0
SINALOA,ROSARIO,U2,60.0,0.0,60.0
SINALOA,ROSARIO,U3,4.0,0.0,4.0
SINALOA,SALVADOR ALVARADO,FC,40.0,0.0,40.0
SINALOA,SALVADOR ALVARADO,U1,7.0,0.0,7.0
SINALOA,SALVADOR ALVARADO,U2,566.0,901.0,1467.0
SINALOA,SALVADOR ALVARADO,U3,1622.0,677.0,2299.0
SONORA,AGUA PRIETA,FC,4.0,0.0,4.0
SONORA,AGUA PRIETA,U1,217.0,357.0,574.0
SONORA,AGUA PRIETA,U2,311.0,786.0,1097.0
SONORA,AGUA PRIETA,U3,2444.0,1850.0,4294.0
SONORA,BÁCUM,U3,80.0,0.0,80.0
SONORA,CABORCA,FC,7.0,0.0,7.0
SONORA,CABORCA,U1,57.0,45.0,102.0
SONORA,CABORCA,U2,518.0,399.0,917.0
SONORA,CABORCA,U3,1104.0,527.0,1631.0
SONORA,CAJEME,FC,1839.0,352.0,2191.0
SONORA,CAJEME,U1,977.0,87.0,1064.0
SONORA,CAJEME,U2,6419.0,5027.0,11446.0
SONORA,CAJEME,U3,8977.0,3702.0,12679.0
SONORA,CANANEA,FC,181.0,147.0,328.0
SONORA,CANANEA,U1,5.0,5.0,10.0
SONORA,CANANEA,U2,140.0,47.0,187.0
SONORA,CANANEA,U3,550.0,258.0,808.0
SONORA,CUMPAS,FC,27.0,9.0,36.0
SONORA,EMPALME,FC,141.0,8.0,149.0
SONORA,EMPALME,ND,38.0,0.0,38.0
SONORA,EMPALME,U1,7.0,6.0,13.0
SONORA,EMPALME,U2,492.0,177.0,669.0
SONORA,EMPALME,U3,1307.0,848.0,2155.0
SONORA,GENERAL PLUTARCO ELÍAS CALLES,FC,63.0,18.0,81.0
SONORA,GENERAL PLUTARCO ELÍAS CALLES,U1,1.0,9.0,10.0
SONORA,GENERAL PLUTARCO ELÍAS CALLES,U3,12.0,0.0,12.0
SONORA,GUAYMAS,FC,541.0,35.0,576.0
SONORA,GUAYMAS,U1,38.0,8.0,46.0
SONORA,GUAYMAS,U2,1889.0,1895.0,3784.0
SONORA,GUAYMAS,U3,3011.0,998.0,4009.0
SONORA,HERMOSILLO,FC,4412.0,780.0,5192.0
SONORA,HERMOSILLO,ND,84.0,0.0,84.0
SONORA,HERMOSILLO,U1,1759.0,416.0,2175.0
SONORA,HERMOSILLO,U2,20738.0,11977.0,32715.0
SONORA,HERMOSILLO,U3,32142.0,12904.0,45046.0
SONORA,HUATABAMPO,FC,26.0,24.0,50.0
SONORA,HUATABAMPO,U1,8.0,0.0,8.0
SONORA,HUATABAMPO,U2,27.0,10.0,37.0
SONORA,HUATABAMPO,U3,127.0,79.0,206.0
SONORA,MAGDALENA,FC,14.0,0.0,14.0
SONORA,MAGDALENA,U2,10.0,292.0,302.0
SONORA,MAGDALENA,U3,142.0,22.0,164.0
SONORA,NAVOJOA,FC,4.0,0.0,4.0
SONORA,NAVOJOA,U1,2175.0,1330.0,3505.0
SONORA,NAVOJOA,U2,2189.0,1304.0,3493.0
SONORA,NAVOJOA,U3,1478.0,709.0,2187.0
SONORA,NOGALES,FC,1820.0,45.0,1865.0
SONORA,NOGALES,ND,71.0,0.0,71.0
SONORA,NOGALES,U1,321.0,116.0,437.0
SONORA,NOGALES,U2,1746.0,3488.0,5234.0
SONORA,NOGALES,U3,8638.0,4189.0,12827.0
SONORA,PUERTO PEÑASCO,FC,864.0,24.0,888.0
SONORA,PUERTO PEÑASCO,ND,32.0,0.0,32.0
SONORA,PUERTO PEÑASCO,U1,157.0,126.0,283.0
SONORA,PUERTO PEÑASCO,U2,1306.0,1594.0,2900.0
SONORA,PUERTO PEÑASCO,U3,1261.0,1477.0,2738.0
SONORA,SAN LUIS RÍO COLORADO,FC,20.0,0.0,20.0
SONORA,SAN LUIS RÍO COLORADO,U1,230.0,172.0,402.0
SONORA,SAN LUIS RÍO COLORADO,U2,3049.0,1852.0,4901.0
SONORA,SAN LUIS RÍO COLORADO,U3,914.0,467.0,1381.0
SONORA,SANTA ANA,FC,185.0,49.0,234.0
TABASCO,CENTLA,FC,53.0,0.0,53.0
TABASCO,CENTLA,U2,12.0,4.0,16.0
TABASCO,CENTRO,FC,7235.0,4206.0,11441.0
TABASCO,CENTRO,U1,67.0,1.0,68.0
TABASCO,CENTRO,U2,1079.0,834.0,1913.0
TABASCO,CENTRO,U3,4429.0,517.0,4946.0
TABASCO,COMALCALCO,FC,184.0,40.0,224.0
TABASCO,COMALCALCO,ND,5.0,0.0,5.0
TABASCO,COMALCALCO,U1,4.0,0.0,4.0
TABASCO,COMALCALCO,U2,224.0,1.0,225.0
TABASCO,COMALCALCO,U3,16.0,3.0,19.0
TABASCO,CUNDUACÁN,FC,17.0,0.0,17.0
TABASCO,CUNDUACÁN,U1,52.0,1.0,53.0
TABASCO,CUNDUACÁN,U2,360.0,177.0,537.0
TABASCO,CUNDUACÁN,U3,208.0,29.0,237.0
TABASCO,CÁRDENAS,FC,54.0,7.0,61.0
TABASCO,CÁRDENAS,U1,89.0,3.0,92.0
TABASCO,CÁRDENAS,U2,24.0,2.0,26.0
TABASCO,CÁRDENAS,U3,117.0,5.0,122.0
TABASCO,EMILIANO ZAPATA,U1,2.0,1.0,3.0
TABASCO,EMILIANO ZAPATA,U2,25.0,15.0,40.0
TABASCO,EMILIANO ZAPATA,U3,25.0,7.0,32.0
TABASCO,HUIMANGUILLO,FC,128.0,17.0,145.0
TABASCO,HUIMANGUILLO,U1,0.0,4.0,4.0
TABASCO,HUIMANGUILLO,U2,242.0,528.0,770.0
TABASCO,HUIMANGUILLO,U3,3725.0,210.0,3935.0
TABASCO,JALAPA,FC,4.0,0.0,4.0
TABASCO,JALPA DE MÉNDEZ,U1,60.0,41.0,101.0
TABASCO,JALPA DE MÉNDEZ,U3,4.0,0.0,4.0
TABASCO,MACUSPANA,FC,2.0,1.0,3.0
TABASCO,NACAJUCA,FC,956.0,6.0,962.0
TABASCO,NACAJUCA,ND,29.0,0.0,29.0
TABASCO,NACAJUCA,U1,921.0,925.0,1846.0
TABASCO,NACAJUCA,U2,698.0,2427.0,3125.0
TABASCO,NACAJUCA,U3,4957.0,1687.0,6644.0
TABASCO,PARAÍSO,FC,17.0,1.0,18.0
TABASCO,PARAÍSO,U1,202.0,2.0,204.0
TABASCO,PARAÍSO,U2,47.0,18.0,65.0
TABASCO,PARAÍSO,U3,5.0,3.0,8.0
TABASCO,TACOTALPA,FC,4.0,0.0,4.0
TABASCO,TEAPA,FC,75.0,21.0,96.0
TABASCO,TEAPA,ND,3.0,0.0,3.0
TABASCO,TEAPA,U1,43.0,12.0,55.0
TABASCO,TEAPA,U2,387.0,110.0,497.0
TABASCO,TEAPA,U3,58.0,36.0,94.0
TABASCO,TENOSIQUE,FC,12.0,0.0,12.0
TABASCO,TENOSIQUE,U1,2.0,0.0,2.0
TABASCO,TENOSIQUE,U2,44.0,16.0,60.0
TABASCO,TENOSIQUE,U3,17.0,5.0,22.0
TAMAULIPAS,ALTAMIRA,FC,2427.0,1.0,2428.0
TAMAULIPAS,ALTAMIRA,U1,1805.0,184.0,1989.0
TAMAULIPAS,ALTAMIRA,U2,5682.0,5723.0,11405.0
TAMAULIPAS,ALTAMIRA,U3,11710.0,3492.0,15202.0
TAMAULIPAS,CIUDAD MADERO,FC,216.0,0.0,216.0
TAMAULIPAS,CIUDAD MADERO,U1,376.0,101.0,477.0
TAMAULIPAS,CIUDAD MADERO,U2,1714.0,527.0,2241.0
TAMAULIPAS,EL MANTE,U1,4.0,0.0,4.0
TAMAULIPAS,EL MANTE,U2,428.0,269.0,697.0
TAMAULIPAS,EL MANTE,U3,132.0,58.0,190.0
TAMAULIPAS,LLERA,FC,16.0,4.0,20.0
TAMAULIPAS,MATAMOROS,FC,1013.0,43.0,1056.0
TAMAULIPAS,MATAMOROS,ND,11.0,0.0,11.0
TAMAULIPAS,MATAMOROS,U1,490.0,78.0,568.0
TAMAULIPAS,MATAMOROS,U2,4554.0,5110.0,9664.0
TAMAULIPAS,MATAMOROS,U3,14294.0,9046.0,23340.0
TAMAULIPAS,MIGUEL ALEMÁN,FC,4.0,0.0,4.0
TAMAULIPAS,MIGUEL ALEMÁN,U2,112.0,20.0,132.0
TAMAULIPAS,NUEVO LAREDO,FC,1167.0,24.0,1191.0
TAMAULIPAS,NUEVO LAREDO,ND,1.0,0.0,1.0
TAMAULIPAS,NUEVO LAREDO,U1,3133.0,3326.0,6459.0
TAMAULIPAS,NUEVO LAREDO,U2,3159.0,2339.0,5498.0
TAMAULIPAS,NUEVO LAREDO,U3,3118.0,2530.0,5648.0
TAMAULIPAS,REYNOSA,FC,11625.0,6004.0,17629.0
TAMAULIPAS,REYNOSA,ND,37.0,0.0,37.0
TAMAULIPAS,REYNOSA,U1,5461.0,1031.0,6492.0
TAMAULIPAS,REYNOSA,U2,14551.0,15580.0,30131.0
TAMAULIPAS,REYNOSA,U3,34105.0,20873.0,54978.0
TAMAULIPAS,RÍO BRAVO,FC,122.0,0.0,122.0
TAMAULIPAS,RÍO BRAVO,U1,52.0,4.0,56.0
TAMAULIPAS,RÍO BRAVO,U2,1792.0,1449.0,3241.0
TAMAULIPAS,RÍO BRAVO,U3,562.0,44.0,606.0
TAMAULIPAS,SAN FERNANDO,U3,120.0,0.0,120.0
TAMAULIPAS,TAMPICO,FC,17.0,3.0,20.0
TAMAULIPAS,TAMPICO,U1,2033.0,508.0,2541.0
TAMAULIPAS,TAMPICO,U2,2802.0,647.0,3449.0
TAMAULIPAS,VALLE HERMOSO,FC,48.0,0.0,48.0
TAMAULIPAS,VALLE HERMOSO,ND,16.0,0.0,16.0
TAMAULIPAS,VALLE HERMOSO,U1,58.0,38.0,96.0
TAMAULIPAS,VALLE HERMOSO,U2,636.0,111.0,747.0
TAMAULIPAS,VICTORIA,FC,3289.0,351.0,3640.0
TAMAULIPAS,VICTORIA,U1,368.0,73.0,441.0
TAMAULIPAS,VICTORIA,U2,2752.0,1253.0,4005.0
TAMAULIPAS,VICTORIA,U3,10186.0,2422.0,12608.0
TLAXCALA,ACUAMANALA DE MIGUEL HIDALGO,U1,23.0,8.0,31.0
TLAXCALA,AMAXAC DE GUERRERO,FC,37.0,11.0,48.0
TLAXCALA,AMAXAC DE GUERRERO,U2,42.0,4.0,46.0
TLAXCALA,APETATITLÁN DE ANTONIO CARVAJAL,FC,3.0,0.0,3.0
TLAXCALA,APETATITLÁN DE ANTONIO CARVAJAL,U1,32.0,17.0,49.0
TLAXCALA,APETATITLÁN DE ANTONIO CARVAJAL,U2,45.0,10.0,55.0
TLAXCALA,APETATITLÁN DE ANTONIO CARVAJAL,U3,46.0,9.0,55.0
TLAXCALA,APIZACO,U1,75.0,17.0,92.0
TLAXCALA,APIZACO,U2,823.0,331.0,1154.0
TLAXCALA,APIZACO,U3,10.0,1.0,11.0
TLAXCALA,ATLTZAYANCA,FC,6.0,0.0,6.0
TLAXCALA,CALPULALPAN,FC,36.0,0.0,36.0
TLAXCALA,CALPULALPAN,U1,156.0,97.0,253.0
TLAXCALA,CALPULALPAN,U2,113.0,29.0,142.0
TLAXCALA,CHIAUTEMPAN,U1,41.0,13.0,54.0
TLAXCALA,CHIAUTEMPAN,U2,81.0,21.0,102.0
TLAXCALA,CHIAUTEMPAN,U3,15.0,10.0,25.0
TLAXCALA,CONTLA DE JUAN CUAMATZI,U1,16.0,5.0,21.0
TLAXCALA,CONTLA DE JUAN CUAMATZI,U2,7.0,10.0,17.0
TLAXCALA,CUAPIAXTLA,FC,16.0,13.0,29.0
TLAXCALA,CUAXOMULCO,FC,24.0,0.0,24.0
TLAXCALA,CUAXOMULCO,U3,6.0,0.0,6.0
TLAXCALA,HUAMANTLA,FC,1.0,0.0,1.0
TLAXCALA,HUAMANTLA,U1,19.0,12.0,31.0
TLAXCALA,HUAMANTLA,U2,1043.0,681.0,1724.0
TLAXCALA,HUAMANTLA,U3,2.0,0.0,2.0
TLAXCALA,IXTACUIXTLA DE MARIANO MATAMOROS,FC,18.0,0.0,18.0
TLAXCALA,IXTACUIXTLA DE MARIANO MATAMOROS,U1,8.0,0.0,8.0
TLAXCALA,IXTACUIXTLA DE MARIANO MATAMOROS,U2,45.0,12.0,57.0
TLAXCALA,IXTACUIXTLA DE MARIANO MATAMOROS,U3,1733.0,0.0,1733.0
TLAXCALA,LA MAGDALENA TLALTELULCO,U1,8.0,0.0,8.0
TLAXCALA,LA MAGDALENA TLALTELULCO,U2,60.0,10.0,70.0
TLAXCALA,NATÍVITAS,U3,6.0,0.0,6.0
TLAXCALA,PANOTLA,U2,5.0,1.0,6.0
TLAXCALA,PAPALOTLA DE XICOHTÉNCATL,U2,139.0,163.0,302.0
TLAXCALA,SAN DAMIÁN TEXÓLOC,U2,3.0,1.0,4.0
TLAXCALA,SAN JOSÉ TEACALCO,FC,2.0,1.0,3.0
TLAXCALA,SAN PABLO DEL MONTE,U1,31.0,8.0,39.0
TLAXCALA,SAN PABLO DEL MONTE,U2,79.0,28.0,107.0
TLAXCALA,SANTA CRUZ QUILEHTLA,U2,4.0,3.0,7.0
TLAXCALA,SANTA CRUZ TLAXCALA,FC,36.0,0.0,36.0
TLAXCALA,SANTA CRUZ TLAXCALA,U1,912.0,539.0,1451.0
TLAXCALA,SANTA CRUZ TLAXCALA,U2,1665.0,1310.0,2975.0
TLAXCALA,SANTA CRUZ TLAXCALA,U3,220.0,8.0,228.0
TLAXCALA,SANTA ISABEL XILOXOXTLA,U2,8.0,1.0,9.0
TLAXCALA,TEOLOCHOLCO,FC,8.0,0.0,8.0
TLAXCALA,TEOLOCHOLCO,U1,58.0,0.0,58.0
TLAXCALA,TEOLOCHOLCO,U2,1.0,1.0,2.0
TLAXCALA,TEPETITLA DE LARDIZÁBAL,U1,16.0,0.0,16.0
TLAXCALA,TEPETITLA DE LARDIZÁBAL,U2,270.0,114.0,384.0
TLAXCALA,TEPEYANCO,U2,43.0,2.0,45.0
TLAXCALA,TEPEYANCO,U3,35.0,1.0,36.0
TLAXCALA,TETLA DE LA SOLIDARIDAD,FC,1.0,1.0,2.0
TLAXCALA,TETLA DE LA SOLIDARIDAD,U2,605.0,215.0,820.0
TLAXCALA,TETLA DE LA SOLIDARIDAD,U3,96.0,0.0,96.0
TLAXCALA,TLAXCALA,FC,88.0,0.0,88.0
TLAXCALA,TLAXCALA,U1,524.0,128.0,652.0
TLAXCALA,TLAXCALA,U2,2759.0,859.0,3618.0
TLAXCALA,TLAXCALA,U3,0.0,1.0,1.0
TLAXCALA,TLAXCO,FC,121.0,3.0,124.0
TLAXCALA,TLAXCO,U1,4.0,5.0,9.0
TLAXCALA,TLAXCO,U2,48.0,13.0,61.0
TLAXCALA,TLAXCO,U3,123.0,79.0,202.0
TLAXCALA,TOTOLAC,FC,10.0,0.0,10.0
TLAXCALA,TOTOLAC,U1,17.0,3.0,20.0
TLAXCALA,TZOMPANTEPEC,FC,128.0,34.0,162.0
TLAXCALA,TZOMPANTEPEC,U2,147.0,89.0,236.0
TLAXCALA,TZOMPANTEPEC,U3,37.0,17.0,54.0
TLAXCALA,XALOZTOC,U1,239.0,239.0,478.0
TLAXCALA,XALOZTOC,U2,38.0,18.0,56.0
TLAXCALA,XALTOCAN,FC,1.0,1.0,2.0
TLAXCALA,XICOHTZINCO,U1,10.0,3.0,13.0
TLAXCALA,XICOHTZINCO,U2,37.0,25.0,62.0
TLAXCALA,YAUHQUEMEHCAN,FC,8.0,0.0,8.0
TLAXCALA,YAUHQUEMEHCAN,U1,467.0,324.0,791.0
TLAXCALA,YAUHQUEMEHCAN,U2,1433.0,919.0,2352.0
TLAXCALA,YAUHQUEMEHCAN,U3,50.0,14.0,64.0
TLAXCALA,ZACATELCO,U1,57.0,46.0,103.0
TLAXCALA,ZACATELCO,U2,472.0,224.0,696.0
TLAXCALA,ZACATELCO,U3,112.0,1.0,113.0
VERACRUZ DE IGNACIO DE LA LLAVE,ACAYUCAN,U2,50.0,30.0,80.0
VERACRUZ DE IGNACIO DE LA LLAVE,ACAYUCAN,U3,2.0,0.0,2.0
VERACRUZ DE IGNACIO DE LA LLAVE,AGUA DULCE,FC,2.0,0.0,2.0
VERACRUZ DE IGNACIO DE LA LLAVE,AGUA DULCE,U3,2.0,0.0,2.0
VERACRUZ DE IGNACIO DE LA LLAVE,ALVARADO,FC,243.0,52.0,295.0
VERACRUZ DE IGNACIO DE LA LLAVE,ALVARADO,U3,25.0,0.0,25.0
VERACRUZ DE IGNACIO DE LA LLAVE,BANDERILLA,U1,17.0,36.0,53.0
VERACRUZ DE IGNACIO DE LA LLAVE,BANDERILLA,U2,59.0,0.0,59.0
VERACRUZ DE IGNACIO DE LA LLAVE,BANDERILLA,U3,4.0,0.0,4.0
VERACRUZ DE IGNACIO DE LA LLAVE,BOCA DEL RÍO,FC,937.0,292.0,1229.0
VERACRUZ DE IGNACIO DE LA LLAVE,BOCA DEL RÍO,U1,12.0,3.0,15.0
VERACRUZ DE IGNACIO DE LA LLAVE,BOCA DEL RÍO,U2,1990.0,0.0,1990.0
VERACRUZ DE IGNACIO DE LA LLAVE,BOCA DEL RÍO,U3,106.0,0.0,106.0
VERACRUZ DE IGNACIO DE LA LLAVE,CHALMA,FC,146.0,0.0,146.0
VERACRUZ DE IGNACIO DE LA LLAVE,CHINAMPA DE GOROSTIZA,FC,2.0,2.0,4.0
VERACRUZ DE IGNACIO DE LA LLAVE,COATEPEC,U1,690.0,145.0,835.0
VERACRUZ DE IGNACIO DE LA LLAVE,COATEPEC,U2,930.0,41.0,971.0
VERACRUZ DE IGNACIO DE LA LLAVE,COATEPEC,U3,86.0,29.0,115.0
VERACRUZ DE IGNACIO DE LA LLAVE,COATZACOALCOS,FC,1514.0,0.0,1514.0
VERACRUZ DE IGNACIO DE LA LLAVE,COATZACOALCOS,ND,5.0,0.0,5.0
VERACRUZ DE IGNACIO DE LA LLAVE,COATZACOALCOS,U1,67.0,0.0,67.0
VERACRUZ DE IGNACIO DE LA LLAVE,COATZACOALCOS,U2,4625.0,3053.0,7678.0
VERACRUZ DE IGNACIO DE LA LLAVE,COATZACOALCOS,U3,10986.0,135.0,11121.0
VERACRUZ DE IGNACIO DE LA LLAVE,COATZINTLA,FC,2105.0,318.0,2423.0
VERACRUZ DE IGNACIO DE LA LLAVE,COATZINTLA,U2,2.0,0.0,2.0
VERACRUZ DE IGNACIO DE LA LLAVE,COATZINTLA,U3,1341.0,10.0,1351.0
VERACRUZ DE IGNACIO DE LA LLAVE,COSAMALOAPAN DE CARPIO,U3,12.0,0.0,12.0
VERACRUZ DE IGNACIO DE LA LLAVE,COSOLEACAQUE,FC,2162.0,135.0,2297.0
VERACRUZ DE IGNACIO DE LA LLAVE,COSOLEACAQUE,U1,911.0,584.0,1495.0
VERACRUZ DE IGNACIO DE LA LLAVE,COSOLEACAQUE,U2,638.0,1128.0,1766.0
VERACRUZ DE IGNACIO DE LA LLAVE,COSOLEACAQUE,U3,2297.0,276.0,2573.0
VERACRUZ DE IGNACIO DE LA LLAVE,CÓRDOBA,FC,1719.0,707.0,2426.0
VERACRUZ DE IGNACIO DE LA LLAVE,CÓRDOBA,U1,98.0,434.0,532.0
VERACRUZ DE IGNACIO DE LA LLAVE,CÓRDOBA,U2,1005.0,360.0,1365.0
VERACRUZ DE IGNACIO DE LA LLAVE,CÓRDOBA,U3,1149.0,562.0,1711.0
VERACRUZ DE IGNACIO DE LA LLAVE,EMILIANO ZAPATA,FC,897.0,185.0,1082.0
VERACRUZ DE IGNACIO DE LA LLAVE,EMILIANO ZAPATA,U1,0.0,1.0,1.0
VERACRUZ DE IGNACIO DE LA LLAVE,EMILIANO ZAPATA,U2,319.0,264.0,583.0
VERACRUZ DE IGNACIO DE LA LLAVE,EMILIANO ZAPATA,U3,5025.0,2225.0,7250.0
VERACRUZ DE IGNACIO DE LA LLAVE,FORTÍN,FC,13.0,6.0,19.0
VERACRUZ DE IGNACIO DE LA LLAVE,FORTÍN,U1,162.0,39.0,201.0
VERACRUZ DE IGNACIO DE LA LLAVE,FORTÍN,U2,77.0,41.0,118.0
VERACRUZ DE IGNACIO DE LA LLAVE,FORTÍN,U3,1166.0,245.0,1411.0
VERACRUZ DE IGNACIO DE LA LLAVE,HUATUSCO,FC,8.0,0.0,8.0
VERACRUZ DE IGNACIO DE LA LLAVE,HUATUSCO,U2,17.0,4.0,21.0
VERACRUZ DE IGNACIO DE LA LLAVE,HUILOAPAN DE CUAUHTÉMOC,U2,10.0,5.0,15.0
VERACRUZ DE IGNACIO DE LA LLAVE,ISLA,FC,8.0,0.0,8.0
VERACRUZ DE IGNACIO DE LA LLAVE,IXHUATLANCILLO,U2,74.0,1.0,75.0
VERACRUZ DE IGNACIO DE LA LLAVE,IXHUATLANCILLO,U3,6.0,7.0,13.0
VERACRUZ DE IGNACIO DE LA LLAVE,IXTACZOQUITLÁN,U2,74.0,1.0,75.0
VERACRUZ DE IGNACIO DE LA LLAVE,IXTACZOQUITLÁN,U3,3195.0,1885.0,5080.0
VERACRUZ DE IGNACIO DE LA LLAVE,JALACINGO,U1,14.0,16.0,30.0
VERACRUZ DE IGNACIO DE LA LLAVE,JALACINGO,U2,48.0,0.0,48.0
VERACRUZ DE IGNACIO DE LA LLAVE,LA ANTIGUA,FC,10.0,0.0,10.0
VERACRUZ DE IGNACIO DE LA LLAVE,LAS CHOAPAS,FC,29.0,0.0,29.0
VERACRUZ DE IGNACIO DE LA LLAVE,MARIANO ESCOBEDO,FC,968.0,0.0,968.0
VERACRUZ DE IGNACIO DE LA LLAVE,MARIANO ESCOBEDO,U2,273.0,215.0,488.0
VERACRUZ DE IGNACIO DE LA LLAVE,MARIANO ESCOBEDO,U3,355.0,133.0,488.0
VERACRUZ DE IGNACIO DE LA LLAVE,MARTÍNEZ DE LA TORRE,U1,2.0,1.0,3.0
VERACRUZ DE IGNACIO DE LA LLAVE,MARTÍNEZ DE LA TORRE,U2,78.0,8.0,86.0
VERACRUZ DE IGNACIO DE LA LLAVE,MARTÍNEZ DE LA TORRE,U3,15.0,3.0,18.0
VERACRUZ DE IGNACIO DE LA LLAVE,MEDELLÍN DE BRAVO,FC,2219.0,139.0,2358.0
VERACRUZ DE IGNACIO DE LA LLAVE,MEDELLÍN DE BRAVO,U2,3872.0,5612.0,9484.0
VERACRUZ DE IGNACIO DE LA LLAVE,MEDELLÍN DE BRAVO,U3,11035.0,4823.0,15858.0
VERACRUZ DE IGNACIO DE LA LLAVE,MINATITLÁN,U3,248.0,132.0,380.0
VERACRUZ DE IGNACIO DE LA LLAVE,NAOLINCO,FC,1484.0,687.0,2171.0
VERACRUZ DE IGNACIO DE LA LLAVE,NARANJOS AMATLÁN,U1,2.0,2.0,4.0
VERACRUZ DE IGNACIO DE LA LLAVE,NARANJOS AMATLÁN,U2,64.0,32.0,96.0
VERACRUZ DE IGNACIO DE LA LLAVE,NARANJOS AMATLÁN,U3,23.0,0.0,23.0
VERACRUZ DE IGNACIO DE LA LLAVE,NOGALES,U2,53.0,21.0,74.0
VERACRUZ DE IGNACIO DE LA LLAVE,ORIZABA,U1,199.0,69.0,268.0
VERACRUZ DE IGNACIO DE LA LLAVE,ORIZABA,U2,453.0,154.0,607.0
VERACRUZ DE IGNACIO DE LA LLAVE,PAPANTLA,U1,16.0,5.0,21.0
VERACRUZ DE IGNACIO DE LA LLAVE,PAPANTLA,U2,18.0,3.0,21.0
VERACRUZ DE IGNACIO DE LA LLAVE,PAPANTLA,U3,16.0,10.0,26.0
VERACRUZ DE IGNACIO DE LA LLAVE,PEROTE,FC,21.0,0.0,21.0
VERACRUZ DE IGNACIO DE LA LLAVE,PEROTE,U1,78.0,22.0,100.0
VERACRUZ DE IGNACIO DE LA LLAVE,PEROTE,U3,71.0,129.0,200.0
VERACRUZ DE IGNACIO DE LA LLAVE,PLATÓN SÁNCHEZ,FC,4.0,0.0,4.0
VERACRUZ DE IGNACIO DE LA LLAVE,POZA RICA DE HIDALGO,FC,79.0,24.0,103.0
VERACRUZ DE IGNACIO DE LA LLAVE,POZA RICA DE HIDALGO,U1,3.0,1.0,4.0
VERACRUZ DE IGNACIO DE LA LLAVE,POZA RICA DE HIDALGO,U2,500.0,830.0,1330.0
VERACRUZ DE IGNACIO DE LA LLAVE,POZA RICA DE HIDALGO,U3,1071.0,261.0,1332.0
VERACRUZ DE IGNACIO DE LA LLAVE,PUEBLO VIEJO,U1,3.0,2.0,5.0
VERACRUZ DE IGNACIO DE LA LLAVE,PUENTE NACIONAL,U2,4.0,0.0,4.0
VERACRUZ DE IGNACIO DE LA LLAVE,PUENTE NACIONAL,U3,8.0,0.0,8.0
VERACRUZ DE IGNACIO DE LA LLAVE,PÁNUCO,FC,8.0,0.0,8.0
VERACRUZ DE IGNACIO DE LA LLAVE,PÁNUCO,U1,35.0,10.0,45.0
VERACRUZ DE IGNACIO DE LA LLAVE,PÁNUCO,U2,85.0,25.0,110.0
VERACRUZ DE IGNACIO DE LA LLAVE,PÁNUCO,U3,21.0,7.0,28.0
VERACRUZ DE IGNACIO DE LA LLAVE,RAFAEL DELGADO,U2,132.0,0.0,132.0
VERACRUZ DE IGNACIO DE LA LLAVE,RÍO BLANCO,U1,573.0,48.0,621.0
VERACRUZ DE IGNACIO DE LA LLAVE,RÍO BLANCO,U2,837.0,773.0,1610.0
VERACRUZ DE IGNACIO DE LA LLAVE,RÍO BLANCO,U3,914.0,484.0,1398.0
VERACRUZ DE IGNACIO DE LA LLAVE,SAN ANDRÉS TUXTLA,FC,214.0,0.0,214.0
VERACRUZ DE IGNACIO DE LA LLAVE,SAN ANDRÉS TUXTLA,U1,89.0,39.0,128.0
VERACRUZ DE IGNACIO DE LA LLAVE,SAN ANDRÉS TUXTLA,U2,690.0,126.0,816.0
VERACRUZ DE IGNACIO DE LA LLAVE,SAN ANDRÉS TUXTLA,U3,737.0,364.0,1101.0
VERACRUZ DE IGNACIO DE LA LLAVE,SAN RAFAEL,FC,31.0,7.0,38.0
VERACRUZ DE IGNACIO DE LA LLAVE,SANTIAGO TUXTLA,U2,5.0,2.0,7.0
VERACRUZ DE IGNACIO DE LA LLAVE,SOCONUSCO,FC,208.0,0.0,208.0
VERACRUZ DE IGNACIO DE LA LLAVE,SOCONUSCO,U3,36.0,0.0,36.0
VERACRUZ DE IGNACIO DE LA LLAVE,TANTOYUCA,FC,8.0,1.0,9.0
VERACRUZ DE IGNACIO DE LA LLAVE,TANTOYUCA,U2,19.0,11.0,30.0
VERACRUZ DE IGNACIO DE LA LLAVE,TANTOYUCA,U3,19.0,3.0,22.0
VERACRUZ DE IGNACIO DE LA LLAVE,TEMPOAL,FC,2.0,2.0,4.0
VERACRUZ DE IGNACIO DE LA LLAVE,TIERRA BLANCA,FC,526.0,388.0,914.0
VERACRUZ DE IGNACIO DE LA LLAVE,TIERRA BLANCA,U1,24.0,0.0,24.0
VERACRUZ DE IGNACIO DE LA LLAVE,TIERRA BLANCA,U2,20.0,2.0,22.0
VERACRUZ DE IGNACIO DE LA LLAVE,TLALNELHUAYOCAN,FC,3.0,0.0,3.0
VERACRUZ DE IGNACIO DE LA LLAVE,TLALNELHUAYOCAN,U2,99.0,27.0,126.0
VERACRUZ DE IGNACIO DE LA LLAVE,TLALNELHUAYOCAN,U3,25.0,5.0,30.0
VERACRUZ DE IGNACIO DE LA LLAVE,TLAPACOYAN,FC,18.0,6.0,24.0
VERACRUZ DE IGNACIO DE LA LLAVE,TLAPACOYAN,U2,1.0,2.0,3.0
VERACRUZ DE IGNACIO DE LA LLAVE,TUXPAN,U2,2709.0,1105.0,3814.0
VERACRUZ DE IGNACIO DE LA LLAVE,TUXPAN,U3,2823.0,1337.0,4160.0
VERACRUZ DE IGNACIO DE LA LLAVE,URSULO GALVÁN,FC,60.0,0.0,60.0
VERACRUZ DE IGNACIO DE LA LLAVE,VERACRUZ,FC,5450.0,1171.0,6621.0
VERACRUZ DE IGNACIO DE LA LLAVE,VERACRUZ,U1,691.0,235.0,926.0
VERACRUZ DE IGNACIO DE LA LLAVE,VERACRUZ,U2,11049.0,14457.0,25506.0
VERACRUZ DE IGNACIO DE LA LLAVE,VERACRUZ,U3,36369.0,15678.0,52047.0
VERACRUZ DE IGNACIO DE LA LLAVE,XALAPA,FC,1927.0,1552.0,3479.0
VERACRUZ DE IGNACIO DE LA LLAVE,XALAPA,U1,398.0,220.0,618.0
VERACRUZ DE IGNACIO DE LA LLAVE,XALAPA,U2,1581.0,182.0,1763.0
VERACRUZ DE IGNACIO DE LA LLAVE,XALAPA,U3,2353.0,442.0,2795.0
VERACRUZ DE IGNACIO DE LA LLAVE,XICO,FC,37.0,16.0,53.0
VERACRUZ DE IGNACIO DE LA LLAVE,XICO,U2,41.0,14.0,55.0
VERACRUZ DE IGNACIO DE LA LLAVE,ÁLAMO TEMAPACHE,U3,12.0,3.0,15.0
YUCATÁN,ACANCEH,FC,46.0,0.0,46.0
YUCATÁN,BACA,FC,10.0,2.0,12.0
YUCATÁN,CANSAHCAB,FC,28.0,0.0,28.0
YUCATÁN,CHICXULUB PUEBLO,FC,1.0,1.0,2.0
YUCATÁN,CHOCHOLÁ,FC,12.0,0.0,12.0
YUCATÁN,CONKAL,FC,708.0,5.0,713.0
YUCATÁN,CONKAL,U2,91.0,432.0,523.0
YUCATÁN,CONKAL,U3,445.0,161.0,606.0
YUCATÁN,DZEMUL,FC,1.0,2.0,3.0
YUCATÁN,HUNUCMÁ,FC,84.0,0.0,84.0
YUCATÁN,HUNUCMÁ,U1,29.0,3.0,32.0
YUCATÁN,HUNUCMÁ,U3,188.0,100.0,288.0
YUCATÁN,IZAMAL,FC,4.0,0.0,4.0
YUCATÁN,IZAMAL,U1,13.0,0.0,13.0
YUCATÁN,IZAMAL,U3,19.0,12.0,31.0
YUCATÁN,KANASÍN,FC,3097.0,1293.0,4390.0
YUCATÁN,KANASÍN,ND,1.0,0.0,1.0
YUCATÁN,KANASÍN,U1,197.0,282.0,479.0
YUCATÁN,KANASÍN,U2,4898.0,6508.0,11406.0
YUCATÁN,KANASÍN,U3,13112.0,7409.0,20521.0
YUCATÁN,KINCHIL,FC,1.0,0.0,1.0
YUCATÁN,MAXCANÚ,FC,389.0,28.0,417.0
YUCATÁN,MOTUL,FC,48.0,28.0,76.0
YUCATÁN,MOTUL,U1,1.0,4.0,5.0
YUCATÁN,MOTUL,U2,401.0,152.0,553.0
YUCATÁN,MOTUL,U3,118.0,16.0,134.0
YUCATÁN,MUNA,FC,84.0,0.0,84.0
YUCATÁN,MÉRIDA,FC,11694.0,1508.0,13202.0
YUCATÁN,MÉRIDA,U1,6236.0,3220.0,9456.0
YUCATÁN,MÉRIDA,U2,16478.0,18634.0,35112.0
YUCATÁN,MÉRIDA,U3,59818.0,23360.0,83178.0
YUCATÁN,OXKUTZCAB,U2,19.0,6.0,25.0
YUCATÁN,PROGRESO,FC,123.0,10.0,133.0
YUCATÁN,PROGRESO,U1,20.0,15.0,35.0
YUCATÁN,PROGRESO,U2,81.0,12.0,93.0
YUCATÁN,SAMAHIL,FC,21.0,0.0,21.0
YUCATÁN,TECOH,FC,8.0,0.0,8.0
YUCATÁN,TEKAX,FC,48.0,0.0,48.0
YUCATÁN,TEKAX,U1,59.0,3.0,62.0
YUCATÁN,TEKAX,U2,48.0,8.0,56.0
YUCATÁN,TELCHAC PUERTO,FC,1.0,1.0,2.0
YUCATÁN,TEMAX,FC,44.0,10.0,54.0
YUCATÁN,TETIZ,FC,1.0,1.0,2.0
YUCATÁN,TICUL,FC,140.0,7.0,147.0
YUCATÁN,TICUL,U2,8.0,0.0,8.0
YUCATÁN,TINUM,FC,4.0,0.0,4.0
YUCATÁN,TIXKOKOB,FC,194.0,47.0,241.0
YUCATÁN,TIZIMÍN,FC,4.0,0.0,4.0
YUCATÁN,TIZIMÍN,U1,172.0,28.0,200.0
YUCATÁN,TIZIMÍN,U2,58.0,3.0,61.0
YUCATÁN,TIZIMÍN,U3,15.0,15.0,30.0
YUCATÁN,UCÚ,U3,376.0,182.0,558.0
YUCATÁN,UMÁN,FC,1382.0,0.0,1382.0
YUCATÁN,UMÁN,U1,2148.0,2506.0,4654.0
YUCATÁN,UMÁN,U2,2023.0,2294.0,4317.0
YUCATÁN,UMÁN,U3,6820.0,5510.0,12330.0
YUCATÁN,VALLADOLID,FC,473.0,71.0,544.0
YUCATÁN,VALLADOLID,U2,409.0,66.0,475.0
YUCATÁN,VALLADOLID,U3,1300.0,801.0,2101.0
ZACATECAS,APOZOL,FC,1.0,0.0,1.0
ZACATECAS,CALERA,U1,36.0,19.0,55.0
ZACATECAS,CALERA,U2,140.0,110.0,250.0
ZACATECAS,CALERA,U3,420.0,315.0,735.0
ZACATECAS,CONCEPCIÓN DEL ORO,FC,204.0,0.0,204.0
ZACATECAS,FRESNILLO,FC,9.0,0.0,9.0
ZACATECAS,FRESNILLO,U1,362.0,301.0,663.0
ZACATECAS,FRESNILLO,U2,1211.0,654.0,1865.0
ZACATECAS,FRESNILLO,U3,1272.0,987.0,2259.0
ZACATECAS,GUADALUPE,FC,1994.0,1347.0,3341.0
ZACATECAS,GUADALUPE,U1,349.0,99.0,448.0
ZACATECAS,GUADALUPE,U2,2387.0,3881.0,6268.0
ZACATECAS,GUADALUPE,U3,10787.0,6348.0,17135.0
ZACATECAS,JALPA,FC,1.0,1.0,2.0
ZACATECAS,JEREZ,U1,62.0,35.0,97.0
ZACATECAS,JEREZ,U2,168.0,36.0,204.0
ZACATECAS,JEREZ,U3,81.0,28.0,109.0
ZACATECAS,JUAN ALDAMA,U2,151.0,100.0,251.0
ZACATECAS,LORETO,FC,1.0,1.0,2.0
ZACATECAS,LORETO,U1,20.0,13.0,33.0
ZACATECAS,LORETO,U2,69.0,38.0,107.0
ZACATECAS,MORELOS,FC,48.0,26.0,74.0
ZACATECAS,NORIA DE ÁNGELES,FC,0.0,1.0,1.0
ZACATECAS,OJOCALIENTE,FC,2.0,1.0,3.0
ZACATECAS,OJOCALIENTE,U1,4.0,2.0,6.0
ZACATECAS,OJOCALIENTE,U2,31.0,15.0,46.0
ZACATECAS,OJOCALIENTE,U3,139.0,129.0,268.0
ZACATECAS,PINOS,FC,124.0,69.0,193.0
ZACATECAS,PÁNUCO,FC,0.0,1.0,1.0
ZACATECAS,RÍO GRANDE,U1,1.0,0.0,1.0
ZACATECAS,RÍO GRANDE,U2,145.0,116.0,261.0
ZACATECAS,RÍO GRANDE,U3,145.0,83.0,228.0
ZACATECAS,SOMBRERETE,FC,8.0,0.0,8.0
ZACATECAS,SOMBRERETE,U1,1.0,2.0,3.0
ZACATECAS,SOMBRERETE,U2,25.0,8.0,33.0
ZACATECAS,SOMBRERETE,U3,0.0,2.0,2.0
ZACATECAS,TLALTENANGO DE SÁNCHEZ ROMÁN,FC,4.0,0.0,4.0
ZACATECAS,TLALTENANGO DE SÁNCHEZ ROMÁN,U1,4.0,0.0,4.0
ZACATECAS,VALPARAÍSO,FC,64.0,0.0,64.0
ZACATECAS,VILLA DE COS,FC,9.0,0.0,9.0
ZACATECAS,VILLANUEVA,FC,7.0,12.0,19.0
ZACATECAS,ZACATECAS,FC,5323.0,940.0,6263.0
ZACATECAS,ZACATECAS,U1,360.0,124.0,484.0
ZACATECAS,ZACATECAS,U2,777.0,298.0,1075.0
ZACATECAS,ZACATECAS,U3,3777.0,1228.0,5005.0
