Estado,Pagina_Extraida,Precio,Ubicacion,Caracteristicas,URL_Propiedad
Nuevo Leon,1,"$3,407,000
MXN","Casa disponible en venta en Calle Burdeos, Int 204, Cerradas de Concordia, Apodaca, Nuevo León, C.P. 66609, Col. Cerradas Concordia, Apodaca, Nuevo León, México, C.P. 66609, ID: 30313524",3 Recámaras | 3 Baños | 153 m 2,https://propiedades.com/inmuebles/casa-en-venta-calle-burdeos-int-204-cerradas-de-concordia-apodaca-nuevo-leon-cp-66609-cerradas-concordia-nuevo_leon-30313524#tipos=casas-venta&area=nuevo-leon&pos=1
Nuevo Leon,1,"$660,000
MXN","Se vende casa en Loma Blanca #448, Las Lomas, C.P. 67265, Juárez, N.L., Col. Las Lomas, Juárez, Nuevo León, México, C.P. 67265, ID: 29546406",2 Recámaras | 1 Baño | 48 m 2,https://propiedades.com/inmuebles/casa-en-venta-loma-blanca-448-las-lomas-cp-67265-juarez-nl-las-lomas-nuevo_leon-29546406#tipos=casas-venta&area=nuevo-leon&pos=2
Nuevo Leon,1,"$552,000
MXN","Mezquite 180, Valle del Roble , C.P. 67250, Cadereyta, Nuevo León, Col. Hacienda San José, Juárez, Nuevo León, México, C.P. 67250, ID: 29529044",1 Recámara | 1 Baño | 32 m 2,https://propiedades.com/inmuebles/casa-en-venta-mezquite-180-valle-del-roble-cp-67250-cadereyta-nuevo-leon-hacienda-san-jose-nuevo_leon-29529044#tipos=casas-venta&area=nuevo-leon&pos=3
Nuevo Leon,1,"$770,000
MXN","Venta casa en Rhodes 530-A, Valle de Lincoln, Sector Minas, García, Nuevo León, Col. Valle de Lincoln Sector el Fraile, García, Nuevo León, México, C.P. 66026, ID: 30191884",2 Recámaras | 1 Baño | 55 m 2,https://propiedades.com/inmuebles/casa-en-venta-rhodes-530a-valle-de-lincoln-sector-minas-garcia-nuevo-leon-valle-de-lincoln-sector-el-fraile-nuevo-leon-30191884#tipos=casas-venta&area=nuevo-leon&pos=4
Nuevo Leon,1,"$645,000
MXN","Arco De La Defensa Casa 112-B, Lt 07 Mz 389, Fracc. Arcos Del Parque, Pesqueria, Nuevo Leon, C.P. 66, Col. Arcos del Parque, Pesquería, Nuevo León, México, C.P. 66655, ID: 29534612",2 Recámaras | 1 Baño | 53 m 2,https://propiedades.com/inmuebles/casa-en-venta-arco-de-la-defensa-casa-112b-lt-07-mz-389-fracc-arcos-del-parque-pesqueria-nuevo-leon-cp-66-arcos-del-parque-nuevo_leon-29534612#tipos=casas-venta&area=nuevo-leon&pos=5
Nuevo Leon,1,"$663,000
MXN","Venta casa en Huri 312, Mirador San Antonio 3, Juárez, Nuevo León, C.P. 67255, Col. Mirador San Antonio, Juárez, Nuevo León, México, C.P. 67255, ID: 29306704",2 Recámaras | 1 Baño | 41 m 2,https://propiedades.com/inmuebles/casa-en-venta-huri-312-mirador-san-antonio-3-juarez-nuevo-leon-cp-67255-mirador-san-antonio-nuevo_leon-29306704#tipos=casas-venta&area=nuevo-leon&pos=6
Nuevo Leon,1,"$1,100,000
MXN","Venta casa en Carretera Ciénega a Salinas Km 2.5 Fraccionamiento Los Héroes Monterrey, 65550 Ciénega de Flores, N., Col. Ciénega de Flores Centro, Ciénega de Flores, Nuevo León, México, C.P. 65550, ID: 29709125",2 Recámaras | 1 Baño | 68 m 2,https://propiedades.com/inmuebles/casa-en-venta-carretera-cienega-a-salinas-km-25-fraccionamiento-los-heroes-monterrey-65550-cienega-de-flores-n-cienega-de-flores-centro-nuevo-leon-29709125#tipos=casas-venta&area=nuevo-leon&pos=7
Nuevo Leon,1,"$1,419,000
MXN","Venta casa en Ave. Toledo, Av. Condesa S/N, sector Irlandes, 67294 Juárez, N.L., Col. Valle Condesa I, Juárez, Nuevo León, México, C.P. 67294, ID: 30334449",3 Recámaras | 2 Baños | 85 m 2,https://propiedades.com/inmuebles/casa-en-venta-ave-toledo-av-condesa-sn-sector-irlandes-67294-juarez-nl-valle-condesa-i-nuevo-leon-30334449#tipos=casas-venta&area=nuevo-leon&pos=8
Nuevo Leon,1,"$3,598,000
MXN","Venta casa en Av. Calzada de la Sierra, Xandora Residencial, C.P. 66036, Dominio Cumbres., Col. Solana Residencial, García, Nuevo León, México, C.P. 66036, ID: 30334136",3 Recámaras | 4 Baños | 188 m 2,https://propiedades.com/inmuebles/casa-en-venta-av-calzada-de-la-sierra-xandora-residencial-cp-66036-dominio-cumbres-solana-residencial-nuevo-leon-30334136#tipos=casas-venta&area=nuevo-leon&pos=9
Nuevo Leon,1,"$644,000
MXN","Casa en venta, Castillo de Almanza 261B, Fraccionamiento Villas del Arco Sección 7, El Carmen, Nuevo León. C.P. 66, Col. El Jaral, El Carmen, Nuevo León, México, C.P. 66580, ID: 30114939",2 Recámaras | 1 Baño | 46 m 2,https://propiedades.com/inmuebles/casa-en-venta-castillo-de-almanza-261b-fraccionamiento-villas-del-arco-seccion-7-el-carmen-nuevo-leon-cp-66-el-jaral-nuevo_leon-30114939#tipos=casas-venta&area=nuevo-leon&pos=10
Nuevo Leon,1,"$2,138,000
MXN","Casa en venta disponible en Júpiter 120, Barrio Estrella, Monterrey, Nuevo León, C.P. 64102, Col. Barrio Estrella Norte y Sur, Monterrey, Nuevo León, México, C.P. 64102, ID: 29967983",2 Recámaras | 1 Baño | 103 m 2,https://propiedades.com/inmuebles/casa-en-venta-jupiter-120-barrio-estrella-monterrey-nuevo-leon-cp-64102-barrio-estrella-norte-y-sur-nuevo-leon-29967983#tipos=casas-venta&area=nuevo-leon&pos=11
Nuevo Leon,1,"$1,418,000
MXN","Se vende casa en Av. Eloy Cavazos y Carretera a San Mateo, 67280 Juárez, N.L., Col. Alborada, Juárez, Nuevo León, México, C.P. 67280, ID: 29709074",2 Recámaras | 1 Baño | 69 m 2,https://propiedades.com/inmuebles/casa-en-venta-av-eloy-cavazos-y-carretera-a-san-mateo-67280-juarez-nl-alborada-nuevo-leon-29709074#tipos=casas-venta&area=nuevo-leon&pos=12
Nuevo Leon,1,"$918,000
MXN","Se vende casa en Pilares, 65515 Los Pilares, N.L., Col. Los Pilares, Salinas Victoria, Nuevo León, México, C.P. 65515, ID: 29532770",2 Recámaras | 1 Baño | 63 m 2,https://propiedades.com/inmuebles/casa-en-venta-pilares-65515-los-pilares-nl-los-pilares-nuevo-leon-29532770#tipos=casas-venta&area=nuevo-leon&pos=13
Nuevo Leon,1,"$777,000
MXN","Se vende casa Almogia 146, Valle de Santa Isabel, C.P. 67256 Juárez, Nuevo León , Col. Valle Santa Isabel, Juárez, Nuevo León, México, C.P. 67256, ID: 29864996",2 Recámaras | 1 Baño | 57 m 2,https://propiedades.com/inmuebles/casa-en-venta-almogia-146-valle-de-santa-isabel-cp-67256-juarez-nuevo-leon-valle-santa-isabel-nuevo_leon-29864996#tipos=casas-venta&area=nuevo-leon&pos=14
Nuevo Leon,1,"$1,790,000
MXN","Venta de casa Tlalpan 312, Ajusco, Villas del Poniente, N.L. CP 66023, Col. Mitras Poniente Ajusco, García, Nuevo León, México, C.P. 66023, ID: 29311693",3 Recámaras | 1 Baño | 85 m 2,https://propiedades.com/inmuebles/casa-en-venta-tlalpan-312-ajusco-villas-del-poniente-nl-cp-66023-mitras-poniente-ajusco-nuevo_leon-29311693#tipos=casas-venta&area=nuevo-leon&pos=15
Nuevo Leon,1,"$774,000
MXN","Valle del Naranjo 503-A, Valle Real, Juarez, Nuevo Leon , Col. Hacienda San José, Juárez, Nuevo León, México, C.P. 67250, ID: 30439810",2 Recámaras | 1 Baño | 70 m 2,https://propiedades.com/inmuebles/casa-en-venta-valle-del-naranjo-503a-valle-real-juarez-nuevo-leon--hacienda-san-jose-nuevo-leon-30439810#tipos=casas-venta&area=nuevo-leon&pos=16
Nuevo Leon,1,"$1,798,000
MXN","Venta de casa Kiwis 232, Los Colibríes, Apodaca, Nuevo León, México, Col. Los Colibries, Apodaca, Nuevo León, México, C.P. 66646, ID: 30180546",2 Recámaras | 1 Baño | 89 m 2,https://propiedades.com/inmuebles/casa-en-venta-kiwis-232-los-colibries-apodaca-nuevo-leon-mexico-los-colibries-nuevo-leon-30180546#tipos=casas-venta&area=nuevo-leon&pos=17
Nuevo Leon,1,"$995,000
MXN","Se vende casa en Chaparro 1022-B, Arboledas de Santa Rosa, C.P. 66614 Apodaca, Nuevo León, Col. Arboledas de Santa Rosa 1, Apodaca, Nuevo León, México, C.P. 66614, ID: 29901295",2 Recámaras | 1 Baño | 54 m 2,https://propiedades.com/inmuebles/casa-en-venta-chaparro-1022b-arboledas-de-santa-rosa-cp-66614-apodaca-nuevo-leon-arboledas-de-santa-rosa-1-nuevo_leon-29901295#tipos=casas-venta&area=nuevo-leon&pos=18
Nuevo Leon,1,"$637,000
MXN","Venta casa en Sicilia Lt 21 Mz 23 Casa 353-A, Fracc. Lantana, Juárez, Nuevo León, C.P. 67280, Col. Santa Ana, Juárez, Nuevo León, México, C.P. 67280, ID: 30026147",2 Recámaras | 1 Baño | 52 m 2,https://propiedades.com/inmuebles/casa-en-venta-sicilia-lt-21-mz-23-casa-353a-fracc-lantana-juarez-nuevo-leon-cp-67280-santa-ana-nuevo_leon-30026147#tipos=casas-venta&area=nuevo-leon&pos=19
Nuevo Leon,1,"$1,243,656
MXN","Casa disponible en venta en Calle Leyes 254-1, Mitras Bicentenario, García, N.L. CP 66023, Col. Mitras Bicentenario, García, Nuevo León, México, C.P. 66023, ID: 30214971",2 Recámaras | 1 Baño | 49 m 2,https://propiedades.com/inmuebles/casa-en-venta-calle-leyes-2541-mitras-bicentenario-garcia-nl-cp-66023-mitras-bicentenario-nuevo_leon-30214971#tipos=casas-venta&area=nuevo-leon&pos=20
Nuevo Leon,1,"$949,000
MXN","Casa en venta disponible en Cto. Misión San Bernardo 476, Misión San Juan, Parque Industrial Cdad. Mitras, N.L. CP 66023, Col. Misión San Juan, García, Nuevo León, México, C.P. 66023, ID: 29816332",1 Recámara | 1 Baño | 56 m 2,https://propiedades.com/inmuebles/casa-en-venta-cto-mision-san-bernardo-476-mision-san-juan-parque-industrial-cdad-mitras-nl-cp-66023-mision-san-juan-nuevo_leon-29816332#tipos=casas-venta&area=nuevo-leon&pos=21
Nuevo Leon,1,"$2,965,000
MXN","Antiguo Camino Santo Domingo, Centro, 66600 Cdad. Apodaca, N.L., Col. Moderno Apodaca I, Apodaca, Nuevo León, México, C.P. 66600, ID: 29708343",1 Recámara | 2 Baños | 123 m 2,https://propiedades.com/inmuebles/casa-en-venta-antiguo-camino-santo-domingo-centro-66600-cdad-apodaca-nl-moderno-apodaca-i-nuevo-leon-29708343#tipos=casas-venta&area=nuevo-leon&pos=22
Nuevo Leon,1,"$655,000
MXN","Casa disponible en venta en Valle Santa María Sector Lombardía, Pesquería, Nuevo León, México, Col. Valle de Santa María, Pesquería, Nuevo León, México, C.P. 66670, ID: 29685860",2 Recámaras | 1 Baño | 54 m 2,https://propiedades.com/inmuebles/casa-en-venta-valle-santa-maria-sector-lombardia-pesqueria-nuevo-leon-mexico-valle-de-santa-maria-nuevo_leon-29685860#tipos=casas-venta&area=nuevo-leon&pos=23
Nuevo Leon,1,"$680,000
MXN","Venta de casa Privada Hacienda El Cortijo Casa 114 Mz 20 Lt 08, Fraccionamiento Hacienda San Jose, Juárez, Nuevo L, Col. Hacienda San Benito, Juárez, Nuevo León, México, C.P. 67267, ID: 29353967",2 Recámaras | 1 Baño | 60 m 2,https://propiedades.com/inmuebles/casa-en-venta-privada-hacienda-el-cortijo-casa-114-mz-20-lt-08-fraccionamiento-hacienda-san-jose-juarez-nuevo-l-hacienda-san-benito-nuevo_leon-29353967#tipos=casas-venta&area=nuevo-leon&pos=24
Nuevo Leon,1,"$818,000
MXN","Se vende casa en Villa de la Aurora 216-A, Villa Alborada, C.P. 67266, Juárez, Nuevo León, Col. Villa Alborada, Juárez, Nuevo León, México, C.P. 67266, ID: 29532289",3 Recámaras | 1 Baño | 63 m 2,https://propiedades.com/inmuebles/casa-en-venta-villa-de-la-aurora-216a-villa-alborada-cp-67266-juarez-nuevo-leon-villa-alborada-nuevo-leon-29532289#tipos=casas-venta&area=nuevo-leon&pos=25
Nuevo Leon,1,"$1,606,000
MXN","Se vende casa Calle Sierra Negra 101, Cumbre del Norte, C.P. 65515, Salinas Victoria., Col. Santa Martha, Salinas Victoria, Nuevo León, México, C.P. 65515, ID: 29708550",3 Recámaras | 2 Baños | 123 m 2,https://propiedades.com/inmuebles/casa-en-venta-calle-sierra-negra-101-cumbre-del-norte-cp-65515-salinas-victoria-santa-martha-nuevo-leon-29708550#tipos=casas-venta&area=nuevo-leon&pos=26
Nuevo Leon,1,"$804,000
MXN","Se vende casa BENEDICTOS 117 B, Valle de Lincoln, Garcia, N.L. CP 66026, Col. Valle de Lincoln, García, Nuevo León, México, C.P. 66026, ID: 30162722",2 Recámaras | 1 Baño | 58 m 2,https://propiedades.com/inmuebles/casa-en-venta-benedictos-117-b-valle-de-lincoln-garcia-nl-cp-66026-valle-de-lincoln-nuevo-leon-30162722#tipos=casas-venta&area=nuevo-leon&pos=27
Nuevo Leon,1,"$712,000
MXN","Venta casa en Llanura Casa 120-A, Fracc Privada Los Prados, 1er. Sector, El Carmen, Nuevo Leon, C.P. 66580, Col. Privadas los Prados, El Carmen, Nuevo León, México, C.P. 66580, ID: 30039810",2 Recámaras | 1 Baño | 59 m 2,https://propiedades.com/inmuebles/casa-en-venta-llanura-casa-120a-fracc-privada-los-prados-1er-sector-el-carmen-nuevo-leon-cp-66580-privadas-los-prados-nuevo-leon-30039810#tipos=casas-venta&area=nuevo-leon&pos=28
Nuevo Leon,1,"$866,000
MXN","Venta de casa en San Fabian 231, 66085 Praderas de San Francisco, N.L, C.P. 66085, Col. Praderas de San Francisco, General Escobedo, Nuevo León, México, C.P. 66085, ID: 29931886",2 Recámaras | 1 Baño | 56 m 2,https://propiedades.com/inmuebles/casa-en-venta-san-fabian-231-66085-praderas-de-san-francisco-nl-cp-66085-praderas-de-san-francisco-nuevo_leon-29931886#tipos=casas-venta&area=nuevo-leon&pos=29
Nuevo Leon,1,"$1,565,000
MXN","Se vende casa Galio 439, Los Cristales 1er Sector , C.P. 67117, Guadalupe, Nuevo León, Col. Los Cristales Tercer Sector, Guadalupe, Nuevo León, México, C.P. 67117, ID: 30162720",2 Recámaras | 1 Baño | 71 m 2,https://propiedades.com/inmuebles/casa-en-venta-galio-439-los-cristales-1er-sector-cp-67117-guadalupe-nuevo-leon-los-cristales-tercer-sector-nuevo_leon-30162720#tipos=casas-venta&area=nuevo-leon&pos=30
Nuevo Leon,1,"$2,286,000
MXN","Venta casa en Río Papaloapan 175 Mz 201 Lt 3, Fracc. Ara Crystal Lagoons, Apodaca, N.L C.P 66604, Col. Crystal Lagoons, Apodaca, Nuevo León, México, C.P. 66604, ID: 29913453",3 Recámaras | 2 Baños | 114 m 2,https://propiedades.com/inmuebles/casa-en-venta-rio-papaloapan-175-mz-201-lt-3-fracc-ara-crystal-lagoons-apodaca-nl-cp-66604-crystal-lagoons-nuevo_leon-29913453#tipos=casas-venta&area=nuevo-leon&pos=31
Nuevo Leon,1,"$456,000
MXN","Se vende casa Valladolid #902-B, Valle de Lincoln Sector San Agustín, Valle de Lincoln, 66023, N.L., Col. Valle de Lincoln Sector San Agustín, García, Nuevo León, México, C.P. 66023, ID: 28856736",2 Recámaras | 1 Baño | 44 m 2,https://propiedades.com/inmuebles/casa-en-venta-valladolid-902b-valle-de-lincoln-sector-san-agustin-valle-de-lincoln-66023-nl-valle-de-lincoln-sector-san-agustin-nuevo_leon-28856736#tipos=casas-venta&area=nuevo-leon&pos=32
Nuevo Leon,1,"$2,995,000
MXN","Venta de casa BLVD. Humberto Ramos Lozano. Col. Santa Rosa, 66610 Cdad. Apodaca, N.L., Col. Antigua Santa Rosa, Apodaca, Nuevo León, México, C.P. 66610, ID: 29708449",3 Recámaras | 2 Baños | 148 m 2,https://propiedades.com/inmuebles/casa-en-venta-blvd-humberto-ramos-lozano-col-santa-rosa-66610-cdad-apodaca-nl-antigua-santa-rosa-nuevo-leon-29708449#tipos=casas-venta&area=nuevo-leon&pos=33
Nuevo Leon,1,"$596,000
MXN","Casa en venta, Portal de Acuña 625 a, Portal de Lincoln, García, N.L. CP 66013, Col. Portal de Lincoln, García, Nuevo León, México, C.P. 66013, ID: 29914626",2 Recámaras | 1 Baño | 50 m 2,https://propiedades.com/inmuebles/casa-en-venta-portal-de-acuna-625-a-portal-de-lincoln-garcia-nl-cp-66013-portal-de-lincoln-nuevo_leon-29914626#tipos=casas-venta&area=nuevo-leon&pos=34
Nuevo Leon,1,"$898,000
MXN","Casa disponible en venta en Loma Linda 719, Las Lomas, Juárez, Nuevo León, C.P. 67260, Col. Paseo de las Lomas, Juárez, Nuevo León, México, C.P. 67260, ID: 29986542",2 Recámaras | 1 Baño | 64 m 2,https://propiedades.com/inmuebles/casa-en-venta-loma-linda-719-las-lomas-juarez-nuevo-leon-cp-67260-paseo-de-las-lomas-nuevo_leon-29986542#tipos=casas-venta&area=nuevo-leon&pos=35
Nuevo Leon,1,"$697,000
MXN","Casa en venta, Loma Esmeralda 123A, Cdad. Benito Juárez, N.L. CP 67265, Col. Hacienda La Morena, Juárez, Nuevo León, México, C.P. 67265, ID: 29802241",2 Recámaras | 1 Baño | 49 m 2,https://propiedades.com/inmuebles/casa-en-venta-loma-esmeralda-123a-cdad-benito-juarez-nl-cp-67265-hacienda-la-morena-nuevo_leon-29802241#tipos=casas-venta&area=nuevo-leon&pos=36
Nuevo Leon,1,"$1,245,000
MXN","Casa en venta, Av. Principal 10, Los Heroes Lincoln, 66013 García, N.L., Col. Los Héroes Lincoln, García, Nuevo León, México, C.P. 66013, ID: 29708135",2 Recámaras | 1 Baño | 65 m 2,https://propiedades.com/inmuebles/casa-en-venta-av-principal-10-los-heroes-lincoln-66013-garcia-nl-los-heroes-lincoln-nuevo-leon-29708135#tipos=casas-venta&area=nuevo-leon&pos=37
Nuevo Leon,1,"$750,000
MXN","Casa en venta disponible en Medellín 101, Valle de Santa Elena, Zuazua, Nuevo León, C.P. 65776, Col. Valle de Santa Elena, General Zuazua, Nuevo León, México, C.P. 65776, ID: 29311644",2 Recámaras | 1 Baño | 55 m 2,https://propiedades.com/inmuebles/casa-en-venta-medellin-101-valle-de-santa-elena-zuazua-nuevo-leon-cp-65776-valle-de-santa-elena-nuevo_leon-29311644#tipos=casas-venta&area=nuevo-leon&pos=38
Nuevo Leon,1,"$907,000
MXN","Venta casa en Puerto Angel #3442, Real de Palmas Zuazua, Real de Palmas, N.L, C.p 65760., Col. Real de Palmas, General Zuazua, Nuevo León, México, C.P. 65760, ID: 30214965",2 Recámaras | 1 Baño | 58 m 2,https://propiedades.com/inmuebles/casa-en-venta--puerto-angel-3442-real-de-palmas-zuazua-real-de-palmas-nl-cp-65760-real-de-palmas-nuevo-leon-30214965#tipos=casas-venta&area=nuevo-leon&pos=39
Nuevo Leon,1,"$1,413,000
MXN","Casa disponible en venta en Paseo de las Palomas 113, Fraccionamiento Los Colibrís, Apodaca, N.L., Col. Los Colibries, Apodaca, Nuevo León, México, C.P. 66646, ID: 30167467",2 Recámaras | 1 Baño | 69 m 2,https://propiedades.com/inmuebles/casa-en-venta-paseo-de-las-palomas-113-fraccionamiento-los-colibris-apodaca-nl-los-colibries-nuevo-leon-30167467#tipos=casas-venta&area=nuevo-leon&pos=40
Nuevo Leon,1,"$550,000
MXN","Venta de casa en Mercurio #103-D, Fracc. Los Cometas, 67280, Arboledas de San Roque, N.L., Col. Los Cometas, Juárez, Nuevo León, México, C.P. 67280, ID: 30115575",2 Recámaras | 2 Baños | 45 m 2,https://propiedades.com/inmuebles/casa-en-venta-mercurio-103d-fracc-los-cometas-67280-arboledas-de-san-roque-nl-los-cometas-nuevo_leon-30115575#tipos=casas-venta&area=nuevo-leon&pos=41
Nuevo Leon,1,"$617,000
MXN","Casa en venta disponible en Puerto Alejandría 616-A, Los Puertos, Juárez, Nuevo León, Col. Los Puertos Tercer Sector, Juárez, Nuevo León, México, C.P. 67258, ID: 29349884",2 Recámaras | 1 Baño | 50 m 2,https://propiedades.com/inmuebles/casa-en-venta-puerto-alejandria-616a-los-puertos-juarez-nuevo-leon-los-puertos-tercer-sector-nuevo_leon-29349884#tipos=casas-venta&area=nuevo-leon&pos=42
Nuevo Leon,1,"$1,667,000
MXN","Ave. Toledo, Av. Condesa S/N, sector Britania, 67294 Juárez, N.L., Col. Allegra Valle Condesa I, Juárez, Nuevo León, México, C.P. 67294, ID: 29708553",3 Recámaras | 2 Baños | 98 m 2,https://propiedades.com/inmuebles/casa-en-venta-ave-toledo-av-condesa-sn-sector-britania-67294-juarez-nl-allegra-valle-condesa-i-nuevo-leon-29708553#tipos=casas-venta&area=nuevo-leon&pos=43
Nuevo Leon,1,"$688,000
MXN","Alianza 211 B, Fraccionamiento Oporto, Cdad. Benito Juárez, N.L. CP 67258, Col. Los Puertos Tercer Sector, Juárez, Nuevo León, México, C.P. 67258, ID: 29956677",2 Recámaras | 1 Baño | 50 m 2,https://propiedades.com/inmuebles/casa-en-venta-alianza-211-b-fraccionamiento-oporto-cdad-benito-juarez-nl-cp-67258-los-puertos-tercer-sector-nuevo_leon-29956677#tipos=casas-venta&area=nuevo-leon&pos=44
Nuevo Leon,1,"$1,444,000
MXN","Venta de casa en Circuito del Campanario 492, Ex Hacienda Santa Rosa, Apodaca, Nuevo León, C.P. 66610, Col. Ex Hacienda Santa Rosa, Apodaca, Nuevo León, México, C.P. 66610, ID: 29968128",3 Recámaras | 2 Baños | 78 m 2,https://propiedades.com/inmuebles/casa-en-venta-circuito-del-campanario-492-ex-hacienda-santa-rosa-apodaca-nuevo-leon-cp-66610-ex-hacienda-santa-rosa-nuevo_leon-29968128#tipos=casas-venta&area=nuevo-leon&pos=45
Nuevo Leon,1,"$710,000
MXN","Venta de casa Lazulita 175-B Sector Ónix, Los Héroes Monterrey, Ciénega de Flores, Nuevo León, C.P. 65555, Col. Los Héroes Monterrey, Ciénega de Flores, Nuevo León, México, C.P. 65555, ID: 30191883",2 Recámaras | 1 Baño | 68 m 2,https://propiedades.com/inmuebles/casa-en-venta-lazulita-175b-sector-onix-los-heroes-monterrey-cienega-de-flores-nuevo-leon-cp-65555-los-heroes-monterrey-nuevo_leon-30191883#tipos=casas-venta&area=nuevo-leon&pos=46
Nuevo Leon,1,"$763,500
MXN","Venta de casa Santa Inés , Col. Vistas de las Mitras, García, Nuevo León, México, C.P. 66026, ID: 30067063",2 Recámaras | 1 Baño | 57 m 2,https://propiedades.com/inmuebles/casa-en-venta-santa-ines-vistas-de-las-mitras-nuevo_leon-30067063#tipos=casas-venta&area=nuevo-leon&pos=47
