Estado,Pagina_Extraida,Fecha_Consulta,Precio,Ubicacion,Caracteristicas,URL_Propiedad
Zacatecas,1,2026-04-06 07:13,"$18,000,000 MXN","Se vende casa Elias Amador #303, Col. Sierra de Alica, Zacatecas, Zacatecas, México, C.P. 98050, ID: 26645234",3 Recámaras | 2 Baños | 600 m 2,https://propiedades.comhttps://propiedades.com/inmuebles/casa-en-venta-elias-amador-303-sierra-de-alica-zacatecas-26645234
Zacatecas,1,2026-04-06 07:13,"$11,000,000 MXN","Casa en venta disponible en Paseo de los Plateros 15 #15, Col. Lomas de Bernardez, Guadalupe, Zacatecas, México, C.P. 98610, ID: 29733333",5 Recámaras | 5 Baños | 790 m 2,https://propiedades.comhttps://propiedades.com/inmuebles/casa-en-venta-paseo-de-los-plateros-15-15-lomas-de-bernardez-zacatecas-29733333
Zacatecas,1,2026-04-06 07:13,"$12,000,000 MXN","Casa en venta disponible en Reforma #6, Col. Villanueva Centro, Villanueva, Zacatecas, México, C.P. 99540, ID: 26580584",9 Recámaras | 5 Baños | 734 m 2,https://propiedades.comhttps://propiedades.com/inmuebles/casa-en-venta-reforma-6-villanueva-centro-zacatecas-26580584
Zacatecas,1,2026-04-06 07:13,"$10,500,000 MXN","Venta casa en Mina Real de Angeles, Lomas de Bernardez, Guadalupe, Zac., Col. Lomas de Bernardez, Guadalupe, Zacatecas, México, C.P. 98610, ID: 30545269",6 Recámaras | 5 Baños | 450 m 2,https://propiedades.comhttps://propiedades.com/inmuebles/casa-en-venta-mina-real-de-angeles-lomas-de-bernardez-guadalupe-zac-lomas-de-bernardez-zacatecas-30545269
Zacatecas,1,2026-04-06 07:13,"$1,365,000 MXN","Venta de casa Zona A, Lomas del Cristo, 98085 Zacatecas, Zac. #s/n, Col. Lomas de Cristo, Zacatecas, Zacatecas, México, C.P. 98085, ID: 30761316",2 Recámaras | 1 Baño | 90 m 2,https://propiedades.comhttps://propiedades.com/inmuebles/casa-en-venta-zona-a-lomas-del-cristo-98085-zacatecas-zac-sn-lomas-de-cristo-zacatecas-30761316
Zacatecas,1,2026-04-06 07:13,"$8,200,000 MXN","Cárpatos, Lomas del Campestre, 98098 Zacatecas, Zac. #s/n, Col. Lomas Del Campestre, Zacatecas, Zacatecas, México, C.P. 98098, ID: 30612572",5 Recámaras | 4 Baños | 450 m 2,https://propiedades.comhttps://propiedades.com/inmuebles/casa-en-venta-carpatos-lomas-del-campestre-98098-zacatecas-zac-sn-lomas-del-campestre-zacatecas-30612572
Zacatecas,1,2026-04-06 07:13,"$2,100,000 MXN","Se vende casa , Col. El Socorro, Loreto, Zacatecas, México, C.P. 98838, ID: 30360219",3 Recámaras | 2 Baños | 297 m 2,https://propiedades.comhttps://propiedades.com/inmuebles/casa-en-venta-el-socorro-zacatecas-30360219
Zacatecas,1,2026-04-06 07:13,"$2,460,000 MXN","Torrecillas 22, San Miguel del Cortijo, 98615 Guadalupe, Zac. #22, Col. San Miguel del Cortijo, Guadalupe, Zacatecas, México, C.P. 98615, ID: 30980272",3 Recámaras | 2 Baños | 145 m 2,https://propiedades.comhttps://propiedades.com/inmuebles/casa-en-venta-torrecillas-22-san-miguel-del-cortijo-98615-guadalupe-zac-22-san-miguel-del-cortijo-zacatecas-30980272
Zacatecas,1,2026-04-06 07:13,"$1,400,000 MXN","Se vende casa Moral 317, Huerta Vieja, 98087 Zacatecas, Zac. #317, Col. Huerta Vieja, Zacatecas, Zacatecas, México, C.P. 98087, ID: 31001741",3 Recámaras | 2 Baños | 125 m 2,https://propiedades.comhttps://propiedades.com/inmuebles/casa-en-venta-moral-317-huerta-vieja-98087-zacatecas-zac-317-huerta-vieja-zacatecas-31001741
Zacatecas,1,2026-04-06 07:13,"$2,400,000 MXN","Se vende casa en Facultad de Economía 70, S.T.U.A.Z., 98613 Guadalupe, Zac. #70, Col. Stuaz, Guadalupe, Zacatecas, México, C.P. 98609, ID: 30980367",3 Recámaras | 2 Baños | 145 m 2,https://propiedades.comhttps://propiedades.com/inmuebles/casa-en-venta-facultad-de-economia-70-stuaz-98613-guadalupe-zac-70-stuaz-zacatecas-30980367
Zacatecas,1,2026-04-06 07:13,"$2,545,000 MXN","Avenida Monte de los Leones Colinas del vergel, Colinas del Padre, 98085 Zacatecas, Zac. #s/n, Col. Colinas Del Padre, Zacatecas, Zacatecas, México, C.P. 98085, ID: 31001763",3 Recámaras | 2 Baños | 142 m 2,https://propiedades.comhttps://propiedades.com/inmuebles/casa-en-venta-avenida-monte-de-los-leones-colinas-del-vergel-colinas-del-padre-98085-zacatecas-zac-sn-colinas-del-padre-zacatecas-31001763
Zacatecas,1,2026-04-06 07:13,"$5,980,000 MXN","Venta de casa Avenida Encinos #s/n, Col. Colinas Del Padre, Zacatecas, Zacatecas, México, C.P. 98085, ID: 30980395",3 Recámaras | 2 Baños | 320 m 2,https://propiedades.comhttps://propiedades.com/inmuebles/casa-en-venta-avenida-encinos-sn-colinas-del-padre-zacatecas-30980395
Zacatecas,1,2026-04-06 07:13,"$1,530,000 MXN","Se vende casa en Del Reposo, Zona A, Tecnologica, 98085 Zacatecas, Zac. #s/n, Col. Lomas de Cristo, Zacatecas, Zacatecas, México, C.P. 98085, ID: 30980340",3 Recámaras | 1 Baño | 117 m 2,https://propiedades.comhttps://propiedades.com/inmuebles/casa-en-venta-del-reposo-zona-a-tecnologica-98085-zacatecas-zac-sn-lomas-de-cristo-zacatecas-30980340
Zacatecas,1,2026-04-06 07:13,"$1,395,000 MXN","Casa en venta, Antiguo Camino a Zoquite, Las Americas, 98612 Guadalupe, Zac. #s/n, Col. Las Américas, Guadalupe, Zacatecas, México, C.P. 98612, ID: 30283410",3 Recámaras | 2 Baños | 100 m 2,https://propiedades.comhttps://propiedades.com/inmuebles/casa-en-venta-antiguo-camino-a-zoquite-las-americas-98612-guadalupe-zac-sn-las-americas-zacatecas-30283410
Zacatecas,1,2026-04-06 07:13,"$2,470,000 MXN","Venta casa en Real del Eden 28, Camino Real, 98613 Guadalupe, Zac. #28, Col. La Condesa, Guadalupe, Zacatecas, México, C.P. 98612, ID: 30870432",3 Recámaras | 2 Baños | 154 m 2,https://propiedades.comhttps://propiedades.com/inmuebles/casa-en-venta-real-del-eden-28-camino-real-98613-guadalupe-zac-28-la-condesa-zacatecas-30870432
Zacatecas,1,2026-04-06 07:13,"$8,000,000 MXN","Peñuela, 98060 Zacatecas, Zac., Col. La Peñuela, Zacatecas, Zacatecas, México, C.P. 98060, ID: 30552107",10 Recámaras | 6 Baños | 229 m 2,https://propiedades.comhttps://propiedades.com/inmuebles/casa-en-venta-penuela-98060-zacatecas-zac-la-penuela-zacatecas-30552107
Zacatecas,1,2026-04-06 07:13,"$8,500,000 MXN","Se vende casa en Mina Real de Angeles #60, Col. Lomas de Bernardez, Guadalupe, Zacatecas, México, C.P. 98610, ID: 27005388",3 Recámaras | 2 Baños | 215 m 2,https://propiedades.comhttps://propiedades.com/inmuebles/casa-en-venta-mina-real-de-angeles-60-lomas-de-bernardez-zacatecas-27005388
Zacatecas,1,2026-04-06 07:13,"$550,000 MXN","Casa en venta disponible en GLICINIA #66, Col. Los Olivos, Fresnillo, Zacatecas, México, C.P. 99094, ID: 29175851",3 Recámaras | 3 Baños | 120 m 2,https://propiedades.comhttps://propiedades.com/inmuebles/casa-en-venta-glicinia--66-los-olivos-zacatecas-29175851
Zacatecas,1,2026-04-06 07:13,"$14,000,000 MXN","Venta de casa Avenida del Bosque , Col. Tecnológica, Zacatecas, Zacatecas, México, C.P. 98099, ID: 26639668",5 Recámaras | 5 Baños | 682 m 2,https://propiedades.comhttps://propiedades.com/inmuebles/casa-en-venta-avenida-del-bosque-tecnologica-zacatecas-26639668
Zacatecas,1,2026-04-06 07:13,"$2,100,000 MXN","Venta de casa en Ignacio Allende #113, Col. Villanueva Centro, Villanueva, Zacatecas, México, C.P. 99540, ID: 26639656",4 Recámaras | 1 Baño | 355 m 2,https://propiedades.comhttps://propiedades.com/inmuebles/casa-en-venta-ignacio-allende--113-villanueva-centro-zacatecas-26639656
Zacatecas,1,2026-04-06 07:13,"$2,870,000 MXN","Casa disponible en venta en 99454 Jerez de García Salinas, Zacatecas, Col. San Isidro Del Salto, Jerez, Zacatecas, México, C.P. 99454, ID: 30404007",5 Recámaras | 3 Baños | 183 m 2,https://propiedades.comhttps://propiedades.com/inmuebles/casa-en-venta-99454-jerez-de-garcia-salinas-zacatecas-san-isidro-del-salto-zacatecas-30404007
Zacatecas,1,2026-04-06 07:13,"$11,500,000 MXN","Venta casa en Avenida Colegio Militar #66, Col. Guadalupe Centro, Guadalupe, Zacatecas, México, C.P. 98600, ID: 26645299",4 Recámaras | 3 Baños | 480 m 2,https://propiedades.comhttps://propiedades.com/inmuebles/casa-en-venta-avenida-colegio-militar-66-guadalupe-centro-zacatecas-26645299
Zacatecas,1,2026-04-06 07:13,"$1,400,000 MXN","Casa en venta disponible en Maravillas #200, Col. Las Flores, Fresnillo, Zacatecas, México, C.P. 99050, ID: 30007086",3 Recámaras | 1 Baño | 108 m 2,https://propiedades.comhttps://propiedades.com/inmuebles/casa-en-venta-maravillas-200-las-flores-zacatecas-30007086
Zacatecas,1,2026-04-06 07:13,"$6,000,000 MXN","Casa disponible en venta en Pzla. de García, Zacatecas Centro, Zacatecas, Zac., Col. Zacatecas Centro, Zacatecas, Zacatecas, México, C.P. 98000, ID: 30635698",5 Recámaras | 4 Baños | 254 m 2,https://propiedades.comhttps://propiedades.com/inmuebles/casa-en-venta-pzla-de-garcia-zacatecas-centro-zacatecas-zac-zacatecas-centro-zacatecas-30635698
Zacatecas,1,2026-04-06 07:13,"$4,990,000 MXN","Av del Conde 106, Lomas de Bernardez, 98610 Guadalupe, Zac. #s/n, Col. Privada Conde Santiago de la Laguna, Guadalupe, Zacatecas, México, C.P. 98610, ID: 30305440",3 Recámaras | 2 Baños | 225 m 2,https://propiedades.comhttps://propiedades.com/inmuebles/casa-en-venta-av-del-conde-106-lomas-de-bernardez-98610-guadalupe-zac-sn-privada-conde-santiago-de-la-laguna-zacatecas-30305440
Zacatecas,1,2026-04-06 07:13,"$1,100,000 MXN","16 de Septiembre 10 #10, Col. Tierra y Libertad 2da. Sección, Guadalupe, Zacatecas, México, C.P. 98615, ID: 30161861",2 Recámaras | 1 Baño | 81 m 2,https://propiedades.comhttps://propiedades.com/inmuebles/casa-en-venta-16-de-septiembre-10-10-tierra-y-libertad-2da-seccion-zacatecas-30161861
Zacatecas,1,2026-04-06 07:13,"$1,700,000 MXN","Venta casa en Agustín Sánchez Mota, Zona A, DIF, 98083 Zacatecas, Zac. #s/n, Col. DIF, Zacatecas, Zacatecas, México, C.P. 98083, ID: 30467045",3 Recámaras | 2 Baños | 170 m 2,https://propiedades.comhttps://propiedades.com/inmuebles/casa-en-venta-agustin-sanchez-mota-zona-a-dif-98083-zacatecas-zac-sn-dif-zacatecas-30467045
Zacatecas,1,2026-04-06 07:13,"$3,950,000 MXN","Casa en venta, Alfred Roussel #1, Col. Lomas Del Convento, Guadalupe, Zacatecas, México, C.P. 98609, ID: 30186431",3 Recámaras | 2 Baños | 260 m 2,https://propiedades.comhttps://propiedades.com/inmuebles/casa-en-venta-alfred-roussel-1-lomas-del-convento-zacatecas-30186431
Zacatecas,1,2026-04-06 07:13,"$30,000,000 MXN","Casa en venta, Avenida Cuahutemoc, Col. Ojo de Agua, Apozol, Zacatecas, México, C.P. 99940, ID: 26636028",15 Recámaras | 15 Baños | 1800 m 2,https://propiedades.comhttps://propiedades.com/inmuebles/casa-en-venta-avenida-cuahutemoc-ojo-de-agua-zacatecas-26636028
Zacatecas,1,2026-04-06 07:13,"$2,850,000 MXN","Venta casa en Av Insurgentes #113, Col. Zacatecas Centro, Zacatecas, Zacatecas, México, C.P. 98000, ID: 27909312",3 Recámaras | 1 Baño | 172 m 2,https://propiedades.comhttps://propiedades.com/inmuebles/casa-en-venta-av-insurgentes-113-zacatecas-centro-zacatecas-27909312
Zacatecas,1,2026-04-06 07:13,"$6,249,000 MXN","Casa en venta, 1, Col. Lomas de Galicia, Guadalupe, Zacatecas, México, C.P. 98610, ID: 29997687",5 Recámaras | 5 Baños,https://propiedades.comhttps://propiedades.com/inmuebles/casa-en-venta-1-lomas-de-galicia-zacatecas-29997687
Zacatecas,1,2026-04-06 07:13,"$2,500,000 MXN","Casa en venta, Trabajadores del Agrario, Col. La Condesa, Guadalupe, Zacatecas, México, C.P. 98612, ID: 30053055",5 Recámaras | 1 Baño | 222 m 2,https://propiedades.comhttps://propiedades.com/inmuebles/casa-en-venta-trabajadores-del-agrario-la-condesa-zacatecas-30053055
Zacatecas,1,2026-04-06 07:13,"$1,300,000 MXN","PRIVADA VISTA REAL #133, Col. Campo Real, Guadalupe, Zacatecas, México, C.P. 98612, ID: 30283361",3 Recámaras | 1 Baño | 90 m 2,https://propiedades.comhttps://propiedades.com/inmuebles/casa-en-venta-privada-vista-real-133-campo-real-zacatecas-30283361
Zacatecas,1,2026-04-06 07:13,"$1,250,000 MXN","Se vende casa en Calle Lasallistas 133 #133, Col. Villa Del Padre, Zacatecas, Zacatecas, México, C.P. 98085, ID: 30048480",3 Recámaras | 1 Baño | 87 m 2,https://propiedades.comhttps://propiedades.com/inmuebles/casa-en-venta-calle-lasallistas-133-133-villa-del-padre-zacatecas-30048480
Zacatecas,1,2026-04-06 07:13,"$8,800,000 MXN","Se vende casa en Garcia Salinas #29, Col. Barrio Nuevo, Jerez, Zacatecas, México, C.P. 99300, ID: 28471286",9 Recámaras | 7 Baños | 440 m 2,https://propiedades.comhttps://propiedades.com/inmuebles/casa-en-venta-garcia-salinas-29-barrio-nuevo-zacatecas-28471286
Zacatecas,1,2026-04-06 07:13,"$9,700,000 MXN","Casa en venta, Industrial , Col. Industrial, Fresnillo, Zacatecas, México, C.P. 99030, ID: 26580604",5 Recámaras | 5 Baños | 671 m 2,https://propiedades.comhttps://propiedades.com/inmuebles/casa-en-venta-industrial-industrial-zacatecas-26580604
Zacatecas,1,2026-04-06 07:13,"$1,350,000 MXN","Casa en venta, Loma Bonita, Col. Lomas Del Valle, Valparaíso, Zacatecas, México, C.P. 99254, ID: 28848361",3 Recámaras | 2 Baños | 66 m 2,https://propiedades.comhttps://propiedades.com/inmuebles/casa-en-venta-loma-bonita-lomas-del-valle-zacatecas-28848361
Zacatecas,1,2026-04-06 07:13,"$2,320,000 MXN","Casa disponible en venta en Lluvia #4, Col. La Cañada, Guadalupe, Zacatecas, México, C.P. 98617, ID: 30692608",3 Recámaras | 1 Baño | 151 m 2,https://propiedades.comhttps://propiedades.com/inmuebles/casa-en-venta-lluvia-4-la-canada-zacatecas-30692608
Zacatecas,1,2026-04-06 07:13,"$610,000 MXN","Casa en venta disponible en Del Consuelo 29, Centro, 98600 Guadalupe, Zac. #29, Col. La Purísima, Guadalupe, Zacatecas, México, C.P. 98600, ID: 30691215",4 Recámaras | 4 Baños | 470 m 2,https://propiedades.comhttps://propiedades.com/inmuebles/casa-en-venta-del-consuelo-29-centro-98600-guadalupe-zac-29-la-purisima-zacatecas-30691215
Zacatecas,1,2026-04-06 07:13,"$3,150,000 MXN","Casa disponible en venta en Tiro, Col. Privada Conde Santiago de la Laguna, Guadalupe, Zacatecas, México, C.P. 98610, ID: 30163295",3 Recámaras | 2 Baños | 143 m 2,https://propiedades.comhttps://propiedades.com/inmuebles/casa-en-venta-tiro-privada-conde-santiago-de-la-laguna-zacatecas-30163295
Zacatecas,1,2026-04-06 07:13,"$5,200,000 MXN","Casa en venta disponible en C. de los Molinos 106, Lomas de Bernardez, 98610 Guadalupe, Zac. #106, Col. Privada Conde Santiago de la Laguna, Guadalupe, Zacatecas, México, C.P. 98610, ID: 30518933",3 Recámaras | 2 Baños | 225 m 2,https://propiedades.comhttps://propiedades.com/inmuebles/casa-en-venta-c-de-los-molinos-106-lomas-de-bernardez-98610-guadalupe-zac-106-privada-conde-santiago-de-la-laguna-zacatecas-30518933
Zacatecas,1,2026-04-06 07:13,"$2,550,000 MXN","Cerro de la estrella 151, Zacatecas, Zac. #151, Col. Colinas Del Padre, Zacatecas, Zacatecas, México, C.P. 98085, ID: 30508719",3 Recámaras | 1 Baño | 108 m 2,https://propiedades.comhttps://propiedades.com/inmuebles/casa-en-venta-cerro-de-la-estrella-151-zacatecas-zac-151-colinas-del-padre-zacatecas-30508719
Zacatecas,1,2026-04-06 07:13,"$1,390,000 MXN","Casa en venta, Colinas del Padre, 98085 Zacatecas, Zac., Col. Colinas Del Padre, Zacatecas, Zacatecas, México, C.P. 98085, ID: 30691380",3 Recámaras | 1 Baño | 120 m 2,https://propiedades.comhttps://propiedades.com/inmuebles/casa-en-venta-colinas-del-padre-98085-zacatecas-zac-colinas-del-padre-zacatecas-30691380
Zacatecas,1,2026-04-06 07:13,"$3,600,000 MXN","Casa en venta, Avenida del Conde , Col. Privada Conde Santiago de la Laguna, Guadalupe, Zacatecas, México, C.P. 98610, ID: 29881535",3 Recámaras | 2 Baños | 250 m 2,https://propiedades.comhttps://propiedades.com/inmuebles/casa-en-venta-avenida-del-conde-privada-conde-santiago-de-la-laguna-zacatecas-29881535
Zacatecas,1,2026-04-06 07:13,"$3,650,000 MXN","Se vende casa en Privada San Martin #112, Col. Ciudad Gobierno, Zacatecas, Zacatecas, México, C.P. 98160, ID: 26645281",3 Recámaras | 2 Baños | 195 m 2,https://propiedades.comhttps://propiedades.com/inmuebles/casa-en-venta-privada-san-martin-112-ciudad-gobierno-zacatecas-26645281
Zacatecas,1,2026-04-06 07:13,"$2,650,000 MXN","Venta casa en Juan Ramos #s/n, Col. Las Joyas, Guadalupe, Zacatecas, México, C.P. 98613, ID: 29854579",4 Recámaras | 3 Baños | 170 m 2,https://propiedades.comhttps://propiedades.com/inmuebles/casa-en-venta-juan-ramos-sn-las-joyas-zacatecas-29854579
Zacatecas,1,2026-04-06 07:13,"$4,500,000 MXN","Casa disponible en venta en Lomas del Encino , Col. Lomas de la Virgen, Zacatecas, Zacatecas, México, C.P. 98097, ID: 26597188",3 Recámaras | 2 Baños | 281 m 2,https://propiedades.comhttps://propiedades.com/inmuebles/casa-en-venta-lomas-del-encino-lomas-de-la-virgen-zacatecas-26597188
Zacatecas,3,2026-04-06 07:14,"$3,100,000 MXN","Venta de casa Col. La Cima, Guadalupe, Zacatecas, México, C.P. 98610, ID: 30994527",3 Recámaras | 3 Baños | 231 m 2,https://propiedades.comhttps://propiedades.com/inmuebles/casa-en-venta-la-cima-zacatecas-30994527
Zacatecas,3,2026-04-06 07:14,"$2,300,000 MXN","Venta de casa en Risco #4, Col. La Cañada, Guadalupe, Zacatecas, México, C.P. 98617, ID: 30957760",3 Recámaras | 2 Baños | 152 m 2,https://propiedades.comhttps://propiedades.com/inmuebles/casa-en-venta-risco-4-la-canada-zacatecas-30957760
Zacatecas,3,2026-04-06 07:14,"$3,600,000 MXN","Venta de casa C. 5 de Mayo Sur 611, Centro, 98506 Centro, Zac. #611, Col. Alborada, Calera, Zacatecas, México, C.P. 98506, ID: 30996043",3 Recámaras | 4 Baños | 200 m 2,https://propiedades.comhttps://propiedades.com/inmuebles/casa-en-venta-c-5-de-mayo-sur-611-centro-98506-centro-zac-611-alborada-zacatecas-30996043
Zacatecas,3,2026-04-06 07:14,"$3,590,000 MXN","Venta de casa en Principal #1, Col. Las Lomas II, Guadalupe, Zacatecas, México, C.P. 98615, ID: 30966622",3 Recámaras | 4 Baños | 210 m 2,https://propiedades.comhttps://propiedades.com/inmuebles/casa-en-venta-principal-1-las-lomas-ii-zacatecas-30966622
Zacatecas,3,2026-04-06 07:14,"$410,000 MXN","Calle San Marcos 24 #s/n, Col. San Francisco de Herrera, Zacatecas, Zacatecas, México, C.P. 98067, ID: 29728903",3 Recámaras | 1 Baño | 69 m 2,https://propiedades.comNone
Zacatecas,3,2026-04-06 07:14,"$2,300,000 MXN","Venta de casa en Panuco, Col. Hidráulica, Zacatecas, Zacatecas, México, C.P. 98068, ID: 30994403",4 Recámaras | 1 Baño | 160 m 2,https://propiedades.comhttps://propiedades.com/inmuebles/casa-en-venta-panuco-hidraulica-zacatecas-30994403
Zacatecas,3,2026-04-06 07:14,"$3,375,250 MXN","Casa en venta disponible en CARRETARA A CIENEGUITA #NA, Col. Cieneguillas, Zacatecas, Zacatecas, México, C.P. 98170, ID: 30885127",3 Recámaras | 3 Baños | 130 m 2,https://propiedades.comhttps://propiedades.com/inmuebles/casa-en-venta-carretara-a-cieneguita-na-cieneguillas-zacatecas-30885127
Zacatecas,3,2026-04-06 07:14,"$6,500,000 MXN","Massa #2, Col. La Toscana, Guadalupe, Zacatecas, México, C.P. 98610, ID: 30952672",4 Recámaras | 5 Baños | 273 m 2,https://propiedades.comhttps://propiedades.com/inmuebles/casa-en-venta-massa-2-la-toscana-zacatecas-30952672
Zacatecas,3,2026-04-06 07:14,"$5,800,000 MXN","Se vende casa Jazmin, Col. Margaritas, Guadalupe, Zacatecas, México, C.P. 98607, ID: 28795804",4 Recámaras | 3 Baños | 360 m 2,https://propiedades.comhttps://propiedades.com/inmuebles/casa-en-venta-jazmin-margaritas-zacatecas-28795804
Zacatecas,3,2026-04-06 07:14,"$3,500,000 MXN","Se vende casa en PRIVADA DE LOS MERCEDARIOS #1, Col. Los Conventos, Guadalupe, Zacatecas, México, C.P. 98612, ID: 30760270",4 Recámaras | 6 Baños | 137 m 2,https://propiedades.comhttps://propiedades.com/inmuebles/casa-en-venta-privada-de-los-mercedarios-1-los-conventos-zacatecas-30760270
Zacatecas,3,2026-04-06 07:14,"$5,510,000 MXN","Venta de casa Argenta #0, Col. Argenta Residencial, Zacatecas, Zacatecas, México, C.P. 98160, ID: 30918289",3 Recámaras | 3 Baños | 248 m 2,https://propiedades.comhttps://propiedades.com/inmuebles/casa-en-venta-argenta-0-argenta-residencial-zacatecas-30918289
Zacatecas,3,2026-04-06 07:14,"$6,900,000 MXN","Casa en venta disponible en Privada de massa #2, Col. La Toscana, Guadalupe, Zacatecas, México, C.P. 98610, ID: 30600447",4 Recámaras | 3 Baños | 273 m 2,https://propiedades.comhttps://propiedades.com/inmuebles/casa-en-venta-privada-de-massa-2-la-toscana-zacatecas-30600447
Zacatecas,3,2026-04-06 07:14,"$2,985,000 MXN","Casa disponible en venta en , Col. Morelos, Morelos, Zacatecas, México, C.P. 98100, ID: 30711948",5 Recámaras | 3 Baños | 206 m 2,https://propiedades.comhttps://propiedades.com/inmuebles/casa-en-venta-morelos-zacatecas-30711948
Zacatecas,3,2026-04-06 07:14,"$3,550,000 MXN","Casa disponible en venta en Valparaiso #s/n, Col. Lomas Del Patrocinio, Zacatecas, Zacatecas, México, C.P. 98060, ID: 31005899",3 Recámaras | 2 Baños | 200 m 2,https://propiedades.comhttps://propiedades.com/inmuebles/casa-en-venta-valparaiso-sn-lomas-del-patrocinio-zacatecas-31005899
Zacatecas,3,2026-04-06 07:14,"$4,280,000 MXN","Se vende casa Compositor, Col. El Montecito, Guadalupe, Zacatecas, México, C.P. 98605, ID: 30295663",4 Recámaras | 3 Baños | 354 m 2,https://propiedades.comhttps://propiedades.com/inmuebles/casa-en-venta-compositor-el-montecito-zacatecas-30295663
Zacatecas,3,2026-04-06 07:14,"$1,350,000 MXN","Casa disponible en venta en , Col. Guadalupe Centro, Guadalupe, Zacatecas, México, C.P. 98600, ID: 30246914",3 Recámaras | 2 Baños | 165 m 2,https://propiedades.comhttps://propiedades.com/inmuebles/casa-en-venta-guadalupe-centro-zacatecas-30246914
Zacatecas,3,2026-04-06 07:14,"$3,375,250 MXN","CARRETERA PICONES, Col. Zacatecas Centro, Zacatecas, Zacatecas, México, C.P. 98000, ID: 14252736",3 Recámaras | 3 Baños | 133 m 2,https://propiedades.comhttps://propiedades.com/inmuebles/casa-en-venta-carretera-picones-zacatecas-centro-zacatecas-14252736
Zacatecas,3,2026-04-06 07:14,"$4,930,000 MXN","Sin nombre de calle, Col. Jerez Centro, Jerez, Zacatecas, México, C.P. 99300, ID: 29030318",5 Recámaras | 1 Baño | 316 m 2,https://propiedades.comhttps://propiedades.com/inmuebles/casa-en-venta-sin-nombre-de-calle-jerez-centro-zacatecas-29030318
Zacatecas,3,2026-04-06 07:14,"$730,000 MXN","Venta casa en Cerro de La Virgen 341 #341, Col. Cerro de la Virgen, Zacatecas, Zacatecas, México, C.P. 98085, ID: 30197275",4 Recámaras | 2 Baños | 190 m 2,https://propiedades.comhttps://propiedades.com/inmuebles/casa-en-venta-cerro-de-la-virgen-341-341-cerro-de-la-virgen-zacatecas-30197275
Zacatecas,3,2026-04-06 07:14,"$2,150,000 MXN","Casa en venta disponible en , Col. S.T.U.A.Z., Guadalupe, Zacatecas, México, C.P. 98613, ID: 30803438",3 Recámaras | 2 Baños | 105 m 2,https://propiedades.comhttps://propiedades.com/inmuebles/casa-en-venta-stuaz-zacatecas-30803438
Zacatecas,3,2026-04-06 07:14,"$6,500,000 MXN","Palomar, Col. Industrial, Fresnillo, Zacatecas, México, C.P. 99030, ID: 30232170",4 Recámaras | 2 Baños | 449 m 2,https://propiedades.comhttps://propiedades.com/inmuebles/casa-en-venta-palomar-industrial-zacatecas-30232170
Zacatecas,3,2026-04-06 07:14,"$5,650,000 MXN","Venta de casa en , Col. Lomas de Galicia, Guadalupe, Zacatecas, México, C.P. 98610, ID: 30798889",5 Recámaras | 5 Baños | 286 m 2,https://propiedades.comhttps://propiedades.com/inmuebles/casa-en-venta-lomas-de-galicia-zacatecas-30798889
Zacatecas,3,2026-04-06 07:14,"$2,180,000 MXN","Venta de casa , Col. Colinas Del Padre, Zacatecas, Zacatecas, México, C.P. 98085, ID: 30903571",3 Recámaras | 2 Baños | 102 m 2,https://propiedades.comhttps://propiedades.com/inmuebles/casa-en-venta-colinas-del-padre-zacatecas-30903571
Zacatecas,3,2026-04-06 07:14,"$787,000 MXN","Venta de casa en Huicot, Tecnologica, Fresnillo, Zac., Col. Tecnológica, Fresnillo, Zacatecas, México, C.P. 99020, ID: 30519077",4 Recámaras | 4 Baños | 310 m 2,https://propiedades.comhttps://propiedades.com/inmuebles/casa-en-venta-huicot-tecnologica-fresnillo-zac-tecnologica-zacatecas-30519077
Zacatecas,3,2026-04-06 07:14,"$2,450,000 MXN","Casa en venta disponible en Sin nombre de calle, Col. La Escondida, Zacatecas, Zacatecas, México, C.P. 98160, ID: 30660869",2 Recámaras | 5 Baños | 178 m 2,https://propiedades.comhttps://propiedades.com/inmuebles/casa-en-venta-sin-nombre-de-calle-la-escondida-zacatecas-30660869
Zacatecas,3,2026-04-06 07:14,"$3,500,000 MXN","Venta de casa en Calle Zacatecas #21, Col. Ampliación López Mateos, Sombrerete, Zacatecas, México, C.P. 99102, ID: 30701879",3 Recámaras | 3 Baños | 307 m 2,https://propiedades.comhttps://propiedades.com/inmuebles/casa-en-venta-calle-zacatecas-21-ampliacion-lopez-mateos-zacatecas-30701879
Zacatecas,3,2026-04-06 07:14,"$1,843,000 MXN","Casa en venta, , Col. Privada la Fé, Guadalupe, Zacatecas, México, C.P. 98615, ID: 30626193",4 Recámaras | 2 Baños | 196 m 2,https://propiedades.comhttps://propiedades.com/inmuebles/casa-en-venta-privada-la-fe-zacatecas-30626193
Zacatecas,3,2026-04-06 07:14,"$4,190,000 MXN","Venta de casa en , Col. Colinas Del Padre, Zacatecas, Zacatecas, México, C.P. 98085, ID: 31012381",4 Recámaras | 2 Baños | 226 m 2,https://propiedades.comhttps://propiedades.com/inmuebles/casa-en-venta-colinas-del-padre-zacatecas-31012381
Zacatecas,3,2026-04-06 07:14,"$1,850,000 MXN","Casa en venta, CALLE CONOCIDA #s/n, Col. Las Joyas, Guadalupe, Zacatecas, México, C.P. 98613, ID: 29850171",4 Recámaras | 2 Baños | 136 m 2,https://propiedades.comhttps://propiedades.com/inmuebles/casa-en-venta-calle-conocida-sn-las-joyas-zacatecas-29850171
Zacatecas,3,2026-04-06 07:14,"$3,130,000 MXN","Venta de casa Guadalupe, Zac. #23, Col. Privada de las Begonias, Guadalupe, Zacatecas, México, C.P. 98614, ID: 30453514",4 Recámaras | 2 Baños,https://propiedades.comhttps://propiedades.com/inmuebles/casa-en-venta-guadalupe-zac-23-privada-de-las-begonias-zacatecas-30453514
Zacatecas,3,2026-04-06 07:14,"$2,650,000 MXN","Se vende casa en Circuito de las Palmas #1, Col. La Escondida, Zacatecas, Zacatecas, México, C.P. 98160, ID: 30665988",3 Recámaras | 3 Baños | 197 m 2,https://propiedades.comhttps://propiedades.com/inmuebles/casa-en-venta-circuito-de-las-palmas-1-la-escondida-zacatecas-30665988
Zacatecas,3,2026-04-06 07:14,"$1,500,000 MXN","Casa en venta disponible en C. Francisco I. Madero 210, Centro, 98500 Víctor Rosales, Zac. #210, Col. Calera de Victor Rosales Centro, Calera, Zacatecas, México, C.P. 98500, ID: 30671372",,https://propiedades.comhttps://propiedades.com/inmuebles/casa-en-venta-c-francisco-i-madero-210-centro-98500-victor-rosales-zac-210-calera-de-victor-rosales-centro-zacatecas-30671372
Zacatecas,3,2026-04-06 07:14,"$2,300,000 MXN","Se vende casa C JAZMINES SUR #209, Col. Magisterial Jardines del Sol, Zacatecas, Zacatecas, México, C.P. 98087, ID: 30593609",3 Recámaras | 3 Baños | 210 m 2,https://propiedades.comhttps://propiedades.com/inmuebles/casa-en-venta-c-jazmines-sur-209-magisterial-jardines-del-sol-zacatecas-30593609
Zacatecas,3,2026-04-06 07:14,"$2,747,500 MXN","Se vende casa , Col. Zacatecas Centro, Zacatecas, Zacatecas, México, C.P. 98000, ID: 27588414",,https://propiedades.comhttps://propiedades.com/inmuebles/casa-en-venta-zacatecas-centro-zacatecas-27588414
Zacatecas,3,2026-04-06 07:14,"$2,961,250 MXN","Venta de casa en CARRETERA PICONES, Col. Siglo XXI, Zacatecas, Zacatecas, México, C.P. 98060, ID: 20852082",2 Recámaras | 2 Baños | 100 m 2,https://propiedades.comhttps://propiedades.com/inmuebles/casa-en-venta-carretera-picones-siglo-xxi-zacatecas-20852082
Zacatecas,3,2026-04-06 07:14,"$2,200,000 MXN","Casa en venta, , Col. Zacatecas Centro, Zacatecas, Zacatecas, México, C.P. 98000, ID: 27859436",2 Recámaras | 2 Baños | 148 m 2,https://propiedades.comhttps://propiedades.com/inmuebles/casa-en-venta-zacatecas-centro-zacatecas-27859436
Zacatecas,3,2026-04-06 07:14,"$3,995,000 MXN","Venta de casa , Col. Zacatecas Centro, Zacatecas, Zacatecas, México, C.P. 98000, ID: 28118132",4 Recámaras | 3 Baños | 255 m 2,https://propiedades.comhttps://propiedades.com/inmuebles/casa-en-venta-zacatecas-centro-zacatecas-28118132
Zacatecas,3,2026-04-06 07:14,"$2,800,000 MXN","Venta casa en , Col. Ciudad Cuauhtémoc Centro, Cuauhtémoc, Zacatecas, México, C.P. 98690, ID: 30273771",3 Recámaras | 3 Baños | 50 m 2,https://propiedades.comhttps://propiedades.com/inmuebles/casa-en-venta-ciudad-cuauhtemoc-centro-zacatecas-30273771
Zacatecas,3,2026-04-06 07:14,"$1,315,000 MXN","Antiguo Camino a Zoquite #1, Col. Las Américas, Guadalupe, Zacatecas, México, C.P. 98612, ID: 29852083",3 Recámaras | 1 Baño | 86 m 2,https://propiedades.comhttps://propiedades.com/inmuebles/casa-en-venta-antiguo-camino-a-zoquite-1-las-americas-zacatecas-29852083
Zacatecas,3,2026-04-06 07:14,"$2,800,000 MXN","Se vende casa en , Col. Caminera, Zacatecas, Zacatecas, México, C.P. 98045, ID: 30061289",3 Recámaras | 2 Baños | 127 m 2,https://propiedades.comhttps://propiedades.com/inmuebles/casa-en-venta-caminera-zacatecas-30061289
Zacatecas,3,2026-04-06 07:14,"$2,200,000 MXN","Se vende casa en , Col. Morelos, Morelos, Zacatecas, México, C.P. 98100, ID: 30903570",2 Recámaras | 1 Baño | 177 m 2,https://propiedades.comhttps://propiedades.com/inmuebles/casa-en-venta-morelos-zacatecas-30903570
Zacatecas,3,2026-04-06 07:14,"$3,620,000 MXN","Casa en venta disponible en , Col. El Montecito, Guadalupe, Zacatecas, México, C.P. 98605, ID: 28420634",4 Recámaras | 3 Baños | 354 m 2,https://propiedades.comhttps://propiedades.com/inmuebles/casa-en-venta-el-montecito-zacatecas-28420634
Zacatecas,3,2026-04-06 07:14,"$3,155,000 MXN","Se vende casa en , Col. Solidaridad (José Ives Limantour), Guadalupe, Zacatecas, México, C.P. 98605, ID: 29940510",3 Recámaras | 3 Baños | 206 m 2,https://propiedades.comhttps://propiedades.com/inmuebles/casa-en-venta-solidaridad-jose-ives-limantour-zacatecas-29940510
Zacatecas,3,2026-04-06 07:14,"$3,250,000 MXN","Casa en venta, , Col. Colinas Del Padre, Zacatecas, Zacatecas, México, C.P. 98085, ID: 27397142",4 Recámaras | 3 Baños | 214 m 2,https://propiedades.comhttps://propiedades.com/inmuebles/casa-en-venta-colinas-del-padre-zacatecas-27397142
Zacatecas,3,2026-04-06 07:14,"$550,000 MXN","Casa disponible en venta en GLICINA #66, Col. Los Olivos, Fresnillo, Zacatecas, México, C.P. 99094, ID: 30754498",3 Recámaras | 3 Baños | 120 m 2,https://propiedades.comhttps://propiedades.com/inmuebles/casa-en-venta-glicina-66-los-olivos-zacatecas-30754498
Zacatecas,4,2026-04-06 07:14,"$1,990,000 MXN","Casa en venta, , Col. Las Huertas, Nochistlán de Mejía, Zacatecas, México, C.P. 99913, ID: 29516958",5 Recámaras | 3 Baños | 235 m 2,https://propiedades.comhttps://propiedades.com/inmuebles/casa-en-venta-las-huertas-zacatecas-29516958
Zacatecas,4,2026-04-06 07:14,"$5,455,700 MXN","Carr. Guadalajara - Saltillo, Col. La Luz, Huanusco, Zacatecas, México, C.P. 99670, ID: 30439990",4 Recámaras | 2 Baños | 1750 m 2,https://propiedades.comhttps://propiedades.com/inmuebles/casa-en-venta-carr-guadalajara-saltillo-la-luz-zacatecas-30439990
Zacatecas,4,2026-04-06 07:14,"$3,425,000 MXN","Casa en venta disponible en AVENIDA QUEBRADILLA #347, Col. Lomas de La Soledad, Zacatecas, Zacatecas, México, C.P. 98040, ID: 30632316",7 Recámaras | 4 Baños | 243 m 2,https://propiedades.comhttps://propiedades.com/inmuebles/casa-en-venta-avenida-quebradilla-347-lomas-de-la-soledad-zacatecas-30632316
Zacatecas,4,2026-04-06 07:14,"$9,026,000 MXN","Se vende casa en , Col. Guadalupe Centro, Guadalupe, Zacatecas, México, C.P. 98600, ID: 27750512",3 Recámaras | 3 Baños | 540 m 2,https://propiedades.comhttps://propiedades.com/inmuebles/casa-en-venta-guadalupe-centro-zacatecas-27750512
Zacatecas,4,2026-04-06 07:14,"$2,750,000 MXN","Venta casa en , Col. Cañada Del Sol, Guadalupe, Zacatecas, México, C.P. 98619, ID: 26433693",3 Recámaras | 2 Baños | 110 m 2,https://propiedades.comhttps://propiedades.com/inmuebles/casa-en-venta-canada-del-sol-zacatecas-26433693
Zacatecas,4,2026-04-06 07:14,"$1,750,000 MXN","Venta casa en , Col. Las Cumbres, Zacatecas, Zacatecas, México, C.P. 98077, ID: 30276481",128 m 2,https://propiedades.comhttps://propiedades.com/inmuebles/casa-en-venta-las-cumbres-zacatecas-30276481
Zacatecas,4,2026-04-06 07:14,"$1,590,000 MXN","Casa disponible en venta en , Col. Fresnillo Centro, Fresnillo, Zacatecas, México, C.P. 99000, ID: 30248233",1 Recámara | 1 Baño | 58 m 2,https://propiedades.comhttps://propiedades.com/inmuebles/casa-en-venta-fresnillo-centro-zacatecas-30248233
Zacatecas,4,2026-04-06 07:14,"$1,198,000 MXN",", Col. Ampliación Tierra y Libertad, Guadalupe, Zacatecas, México, C.P. 98615, ID: 29693256",5 Recámaras | 2 Baños | 207 m 2,https://propiedades.comhttps://propiedades.com/inmuebles/casa-en-venta-ampliacion-tierra-y-libertad-zacatecas-29693256
Zacatecas,4,2026-04-06 07:14,"$2,650,000 MXN","Se vende casa Francia #29, Col. Guadalupe Moderno, Guadalupe, Zacatecas, México, C.P. 98613, ID: 30593610",3 Recámaras | 4 Baños | 173 m 2,https://propiedades.comhttps://propiedades.com/inmuebles/casa-en-venta-francia-29-guadalupe-moderno-zacatecas-30593610
Zacatecas,4,2026-04-06 07:14,"$2,705,000 MXN",", Col. Privada Conde Santiago de la Laguna, Guadalupe, Zacatecas, México, C.P. 98610, ID: 29538640",3 Recámaras | 2 Baños | 140 m 2,https://propiedades.comhttps://propiedades.com/inmuebles/casa-en-venta-privada-conde-santiago-de-la-laguna-zacatecas-29538640
Zacatecas,4,2026-04-06 07:14,"$2,300,000 MXN",", Col. Privada de La Encantada, Zacatecas, Zacatecas, México, C.P. 98086, ID: 30618188",4 Recámaras | 2 Baños | 273 m 2,https://propiedades.comhttps://propiedades.com/inmuebles/casa-en-venta-privada-de-la-encantada-zacatecas-30618188
Zacatecas,4,2026-04-06 07:14,"$2,650,000 MXN","Se vende casa en Francisco Goytia #22, Col. Los Conventos II, Guadalupe, Zacatecas, México, C.P. 98612, ID: 30585808",3 Recámaras | 4 Baños | 115 m 2,https://propiedades.comhttps://propiedades.com/inmuebles/casa-en-venta-francisco-goytia-22-los-conventos-ii-zacatecas-30585808
Zacatecas,4,2026-04-06 07:14,"$3,500,000 MXN","Casa en venta disponible en , Col. Colinas Del Padre, Zacatecas, Zacatecas, México, C.P. 98085, ID: 27397140",3 Recámaras | 2 Baños | 179 m 2,https://propiedades.comhttps://propiedades.com/inmuebles/casa-en-venta-colinas-del-padre-zacatecas-27397140
Zacatecas,4,2026-04-06 07:14,"$2,500,000 MXN","Se vende casa Fernando Villalpando #50, Col. Ramon Lopez Velarde, Guadalupe, Zacatecas, México, C.P. 98600, ID: 30593611",5 Recámaras | 4 Baños | 285 m 2,https://propiedades.comhttps://propiedades.com/inmuebles/casa-en-venta-fernando-villalpando-50-ramon-lopez-velarde-zacatecas-30593611
Zacatecas,4,2026-04-06 07:14,"$2,625,000 MXN","Venta casa en , Col. Delicias, Jerez, Zacatecas, México, C.P. 99382, ID: 24994901",3 Recámaras | 2 Baños | 135 m 2,https://propiedades.comhttps://propiedades.com/inmuebles/casa-en-venta-delicias-zacatecas-24994901
Zacatecas,4,2026-04-06 07:14,"$2,800,000 MXN","Venta de casa en , Col. Zacatecas Centro, Zacatecas, Zacatecas, México, C.P. 98000, ID: 28118133",3 Recámaras | 2 Baños | 164 m 2,https://propiedades.comhttps://propiedades.com/inmuebles/casa-en-venta-zacatecas-centro-zacatecas-28118133
Zacatecas,4,2026-04-06 07:14,"$3,300,000 MXN","Venta de casa , Col. 20 de Noviembre, Luis Moya, Zacatecas, México, C.P. 98780, ID: 7762441",11 m 2,https://propiedades.comhttps://propiedades.com/inmuebles/casa-en-venta-20-de-noviembre-zacatecas-7762441
Zacatecas,4,2026-04-06 07:14,"$3,700,000 MXN","Se vende casa en Zapotecas, Col. Mesoamerica, Fresnillo, Zacatecas, México, C.P. 99094, ID: 30232172",4 Recámaras | 2 Baños | 160 m 2,https://propiedades.comhttps://propiedades.com/inmuebles/casa-en-venta-zapotecas-mesoamerica-zacatecas-30232172
Zacatecas,4,2026-04-06 07:14,"$950,000 MXN",", Col. Guadalupe Centro, Guadalupe, Zacatecas, México, C.P. 98600, ID: 29435924",2 Recámaras | 1 Baño | 60 m 2,https://propiedades.comhttps://propiedades.com/inmuebles/casa-en-venta-guadalupe-centro-zacatecas-29435924
Zacatecas,4,2026-04-06 07:14,"$990,000 MXN","Se vende casa en Col. Guadalupe Centro, Guadalupe, Zacatecas, México, C.P. 98600, ID: 30975223",2 Recámaras | 1 Baño | 56 m 2,https://propiedades.comhttps://propiedades.com/inmuebles/casa-en-venta-guadalupe-centro-zacatecas-30975223
Zacatecas,4,2026-04-06 07:14,"$1,400,000 MXN","Se vende casa en bavaro #-, Col. La Comarca, Guadalupe, Zacatecas, México, C.P. 98658, ID: 30597039",4 Recámaras | 2 Baños | 227 m 2,https://propiedades.comhttps://propiedades.com/inmuebles/casa-en-venta-bavaro-la-comarca-zacatecas-30597039
Zacatecas,4,2026-04-06 07:14,"$2,100,000 MXN","Venta casa en Cembrador #9, Col. Ojo de Agua, Guadalupe, Zacatecas, México, C.P. 98620, ID: 30593608",3 Recámaras | 2 Baños | 205 m 2,https://propiedades.comhttps://propiedades.com/inmuebles/casa-en-venta-cembrador--9-ojo-de-agua-zacatecas-30593608
Zacatecas,4,2026-04-06 07:14,"$1,350,000 MXN","Casa en venta disponible en Pinos esq Buenavista de Trujillo #13, Col. Zacatecas Centro, Zacatecas, Zacatecas, México, C.P. 98000, ID: 30667242",4 Recámaras | 2 Baños | 142 m 2,https://propiedades.comhttps://propiedades.com/inmuebles/casa-en-venta-pinos-esq-buenavista-de-trujillo-13-zacatecas-centro-zacatecas-30667242
Zacatecas,4,2026-04-06 07:14,"$2,480,000 MXN","Venta de casa , Col. Rinconada de Pirules, Guadalupe, Zacatecas, México, C.P. 98619, ID: 29512765",4 Recámaras | 3 Baños | 153 m 2,https://propiedades.comhttps://propiedades.com/inmuebles/casa-en-venta-rinconada-de-pirules-zacatecas-29512765
Zacatecas,4,2026-04-06 07:14,"$1,590,000 MXN","Venta de casa Fuente de la alameda #11, Col. Las Fuentes, Guadalupe, Zacatecas, México, C.P. 98613, ID: 27767334",3 Recámaras | 2 Baños | 118 m 2,https://propiedades.comhttps://propiedades.com/inmuebles/casa-en-venta-fuente-de-la-alameda-11-las-fuentes-zacatecas-27767334
Zacatecas,4,2026-04-06 07:14,"$10,000,000 MXN","Se vende casa , Col. Sierra de Pinos, Pinos, Zacatecas, México, C.P. 98920, ID: 6604283",709 m 2,https://propiedades.comhttps://propiedades.com/inmuebles/casa-en-venta-sierra-de-pinos-zacatecas-6604283
Zacatecas,4,2026-04-06 07:14,"$1,880,000 MXN","Casa disponible en venta en , Col. La Condesa, Guadalupe, Zacatecas, México, C.P. 98612, ID: 28046392",3 Recámaras | 2 Baños | 155 m 2,https://propiedades.comhttps://propiedades.com/inmuebles/casa-en-venta-la-condesa-zacatecas-28046392
Zacatecas,4,2026-04-06 07:14,"$3,200,000 MXN","Venta casa en BOSQUE SERBIO #140, Col. Colinas Del Padre, Zacatecas, Zacatecas, México, C.P. 98085, ID: 30597033",3 Recámaras | 3 Baños | 230 m 2,https://propiedades.comhttps://propiedades.com/inmuebles/casa-en-venta-bosque-serbio--140-colinas-del-padre-zacatecas-30597033
Zacatecas,4,2026-04-06 07:14,"$2,400,000 MXN","Casa disponible en venta en Escuela secundaria #69, Col. S.P.A.U.A.Z., Guadalupe, Zacatecas, México, C.P. 98613, ID: 30585803",3 Recámaras | 2 Baños | 190 m 2,https://propiedades.comhttps://propiedades.com/inmuebles/casa-en-venta-escuela-secundaria-69-spauaz-zacatecas-30585803
Zacatecas,4,2026-04-06 07:14,"$2,500,000 MXN","Venta de casa en , Col. Zacatecas Centro, Zacatecas, Zacatecas, México, C.P. 98000, ID: 28438858",317 m 2,https://propiedades.comhttps://propiedades.com/inmuebles/casa-en-venta-zacatecas-centro-zacatecas-28438858
Zacatecas,4,2026-04-06 07:14,"$1,400,000 MXN","Venta de casa Av. valles #23, Col. Virreyes, Guadalupe, Zacatecas, México, C.P. 98613, ID: 30593607",3 Recámaras | 2 Baños | 186 m 2,https://propiedades.comhttps://propiedades.com/inmuebles/casa-en-venta-av-valles-23-virreyes-zacatecas-30593607
Zacatecas,4,2026-04-06 07:14,"$1,950,000 MXN","Circuito cañada #85, Col. Cañada de la Laguna II, Guadalupe, Zacatecas, México, C.P. 98604, ID: 30593614",2 Recámaras | 3 Baños | 165 m 2,https://propiedades.comhttps://propiedades.com/inmuebles/casa-en-venta-circuito-canada-85-canada-de-la-laguna-ii-zacatecas-30593614
Zacatecas,4,2026-04-06 07:14,"$3,990,000 MXN","Se vende casa en , Col. Guadalupe Centro, Guadalupe, Zacatecas, México, C.P. 98600, ID: 28675404",3 Recámaras | 2 Baños | 260 m 2,https://propiedades.comhttps://propiedades.com/inmuebles/casa-en-venta-guadalupe-centro-zacatecas-28675404
Zacatecas,4,2026-04-06 07:14,"$1,580,000 MXN","Venta de casa Sin nombre de calle, Col. Las Fuentes, Guadalupe, Zacatecas, México, C.P. 98613, ID: 29168389",3 Recámaras | 3 Baños | 144 m 2,https://propiedades.comhttps://propiedades.com/inmuebles/casa-en-venta-sin-nombre-de-calle-las-fuentes-zacatecas-29168389
Zacatecas,4,2026-04-06 07:14,"$2,650,000 MXN","Sin nombre de calle, Col. Villas Universidad, Zacatecas, Zacatecas, México, C.P. 98160, ID: 30150636",3 Recámaras | 4 Baños | 137 m 2,https://propiedades.comhttps://propiedades.com/inmuebles/casa-en-venta-sin-nombre-de-calle-villas-universidad-zacatecas-30150636
Zacatecas,4,2026-04-06 07:14,"$1,350,000 MXN","Luis de la Rosa, Col. Benito Juárez, Zacatecas, Zacatecas, México, C.P. 98080, ID: 29779684",3 Recámaras | 2 Baños | 184 m 2,https://propiedades.comhttps://propiedades.com/inmuebles/casa-en-venta-luis-de-la-rosa-benito-juarez-zacatecas-29779684
Zacatecas,4,2026-04-06 07:14,"$4,400,000 MXN","Venta casa en , Col. Industrial, Fresnillo, Zacatecas, México, C.P. 99030, ID: 29444617",3 Recámaras | 1 Baño | 179 m 2,https://propiedades.comhttps://propiedades.com/inmuebles/casa-en-venta-industrial-zacatecas-29444617
Zacatecas,4,2026-04-06 07:14,"$560,000 MXN","Villa del Vergel #95Int. A, Col. Villas de Guadalupe, Guadalupe, Zacatecas, México, C.P. 98612, ID: 27767755",2 Recámaras | 1 Baño | 54 m 2,https://propiedades.comhttps://propiedades.com/inmuebles/casa-en-venta-villa-del-vergel-95-villas-de-guadalupe-zacatecas-27767755
Zacatecas,4,2026-04-06 07:14,"$1,100,000 MXN","Se vende casa en Sin nombre de calle #1Int. 1, Col. Ojo de Agua, Guadalupe, Zacatecas, México, C.P. 98620, ID: 29168387",2 Recámaras | 2 Baños | 83 m 2,https://propiedades.comhttps://propiedades.com/inmuebles/casa-en-venta-sin-nombre-de-calle-1-ojo-de-agua-zacatecas-29168387
Zacatecas,4,2026-04-06 07:14,"$1,600,000 MXN","Se vende casa Circuito Londres #1, Col. Paseo Real, Guadalupe, Zacatecas, México, C.P. 98604, ID: 30593612",3 Recámaras | 2 Baños | 131 m 2,https://propiedades.comhttps://propiedades.com/inmuebles/casa-en-venta-circuito-londres-1-paseo-real-zacatecas-30593612
Zacatecas,4,2026-04-06 07:14,"$2,100,000 MXN","Dinamarca esq. Noruega #201, Col. Europa, Zacatecas, Zacatecas, México, C.P. 98087, ID: 30585807",3 Recámaras | 3 Baños | 225 m 2,https://propiedades.comhttps://propiedades.com/inmuebles/casa-en-venta-dinamarca-esq-noruega-201-europa-zacatecas-30585807
Zacatecas,4,2026-04-06 07:14,"$3,395,000 MXN","Casa disponible en venta en Pivada Valle Alto #s/n, Col. Colinas Del Padre, Zacatecas, Zacatecas, México, C.P. 98085, ID: 30440070",3 Recámaras | 2 Baños | 205 m 2,https://propiedades.comhttps://propiedades.com/inmuebles/casa-en-venta-pivada-valle-alto-sn-colinas-del-padre-zacatecas-30440070
Zacatecas,4,2026-04-06 07:14,"$3,593,000 MXN","Se vende casa OTOÑO #16, Col. Cañada Del Sol, Guadalupe, Zacatecas, México, C.P. 98619, ID: 30600449",5 Recámaras | 4 Baños | 270 m 2,https://propiedades.comhttps://propiedades.com/inmuebles/casa-en-venta-otono-16-canada-del-sol-zacatecas-30600449
Zacatecas,4,2026-04-06 07:14,"$14,000,000 MXN","Casa en venta, AV. DEL BOSQUE #115, Col. Suave Patria, Zacatecas, Zacatecas, México, C.P. 98085, ID: 25470433",5 Recámaras | 5 Baños | 682 m 2,https://propiedades.comhttps://propiedades.com/inmuebles/casa-en-venta-av-del-bosque-115-suave-patria-zacatecas-25470433
Zacatecas,5,2026-04-06 07:14,"$2,520,000 MXN","Venta casa en Calle uno #8, Col. Primero de Mayo, Guadalupe, Zacatecas, México, C.P. 98614, ID: 30597038",4 Recámaras | 2 Baños | 190 m 2,https://propiedades.comhttps://propiedades.com/inmuebles/casa-en-venta-calle-uno-8-primero-de-mayo-zacatecas-30597038
Zacatecas,5,2026-04-06 07:14,"$5,300,000 MXN","Circuito de la Paz #100, Col. Las Lomas II, Guadalupe, Zacatecas, México, C.P. 98615, ID: 27767783",4 Recámaras | 3 Baños | 307 m 2,https://propiedades.comhttps://propiedades.com/inmuebles/casa-en-venta-circuito-de-la-paz-100-las-lomas-ii-zacatecas-27767783
Zacatecas,5,2026-04-06 07:14,"$2,100,000 MXN","Cerro alto #1, Col. Las Lomas II, Guadalupe, Zacatecas, México, C.P. 98615, ID: 27767784",3 Recámaras | 3 Baños | 128 m 2,https://propiedades.comhttps://propiedades.com/inmuebles/casa-en-venta-cerro-alto-1-las-lomas-ii-zacatecas-27767784
Zacatecas,5,2026-04-06 07:14,"$950,000 MXN",", Col. Los Sauces, Jerez, Zacatecas, México, C.P. 99340, ID: 26007798",3 Recámaras | 1 Baño | 130 m 2,https://propiedades.comhttps://propiedades.com/inmuebles/casa-en-venta-los-sauces-zacatecas-26007798
Zacatecas,5,2026-04-06 07:14,"$610,000 MXN","Venta de casa en Del Consuelo, Centro, 98600 Guadalupe, Zac., Col. La Purísima, Guadalupe, Zacatecas, México, C.P. 98600, ID: 30975936",4 Recámaras | 4 Baños | 331 m 2,https://propiedades.comhttps://propiedades.com/inmuebles/casa-en-venta-del-consuelo-centro-98600-guadalupe-zac-la-purisima-zacatecas-30975936
Zacatecas,5,2026-04-06 07:14,"$3,200,000 MXN","Casa en venta, Cerro Alto #2, Col. Las Lomas II, Guadalupe, Zacatecas, México, C.P. 98615, ID: 27767782",3 Recámaras | 3 Baños | 200 m 2,https://propiedades.comhttps://propiedades.com/inmuebles/casa-en-venta-cerro-alto-2-las-lomas-ii-zacatecas-27767782
Zacatecas,5,2026-04-06 07:14,"$4,150,000 MXN","Lomas de la Soledad #216, Col. Lomas de La Soledad, Zacatecas, Zacatecas, México, C.P. 98040, ID: 30101162",3 Recámaras | 2 Baños | 280 m 2,https://propiedades.comhttps://propiedades.com/inmuebles/casa-en-venta-lomas-de-la-soledad-216-lomas-de-la-soledad-zacatecas-30101162
Zacatecas,5,2026-04-06 07:14,"$3,400,000 MXN","Se vende casa en Vialidad Publica #112, Col. Zacatecas Centro, Zacatecas, Zacatecas, México, C.P. 98000, ID: 25489483",3 Recámaras | 2 Baños | 195 m 2,https://propiedades.comhttps://propiedades.com/inmuebles/casa-en-venta-vialidad-publica-112-zacatecas-centro-zacatecas-25489483
Zacatecas,5,2026-04-06 07:14,"$2,995,000 MXN","Casa en venta, Cerro Criston chino #124, Col. Colinas Del Padre, Zacatecas, Zacatecas, México, C.P. 98085, ID: 30585805",3 Recámaras | 3 Baños | 120 m 2,https://propiedades.comhttps://propiedades.com/inmuebles/casa-en-venta-cerro-criston-chino-124-colinas-del-padre-zacatecas-30585805
Zacatecas,5,2026-04-06 07:14,"$1,399,000 MXN","Se vende casa en , Col. Guadalupe Centro, Guadalupe, Zacatecas, México, C.P. 98600, ID: 29074618",3 Recámaras | 2 Baños | 96 m 2,https://propiedades.comhttps://propiedades.com/inmuebles/casa-en-venta-guadalupe-centro-zacatecas-29074618
Zacatecas,5,2026-04-06 07:14,"$3,600,000 MXN","Venta de casa en TEPETONGO #01, Col. Tepetongo, Tepetongo, Zacatecas, México, C.P. 99570, ID: 30597037",5 Recámaras | 1 Baño | 180 m 2,https://propiedades.comhttps://propiedades.com/inmuebles/casa-en-venta-tepetongo-01-tepetongo-zacatecas-30597037
Zacatecas,5,2026-04-06 07:14,"$720,000 MXN","Se vende casa en Zacatecas #214, Col. África, Guadalupe, Zacatecas, México, C.P. 98615, ID: 29785806",2 Recámaras | 1 Baño | 40 m 2,https://propiedades.comhttps://propiedades.com/inmuebles/casa-en-venta-zacatecas-214-africa-zacatecas-29785806
Zacatecas,5,2026-04-06 07:14,"$3,250,000 MXN","Casa en venta, Av UAZ #540, Col. Villas Universidad, Zacatecas, Zacatecas, México, C.P. 98160, ID: 30597034",4 Recámaras | 4 Baños | 219 m 2,https://propiedades.comhttps://propiedades.com/inmuebles/casa-en-venta-av-uaz-540-villas-universidad-zacatecas-30597034
Zacatecas,5,2026-04-06 07:14,"$970,000 MXN","Se vende casa Eulalia Guzman #30, Col. Francisco Villa, Guadalupe, Zacatecas, México, C.P. 98615, ID: 30585804",2 Recámaras | 1 Baño | 77 m 2,https://propiedades.comhttps://propiedades.com/inmuebles/casa-en-venta-eulalia-guzman-30-francisco-villa-zacatecas-30585804
Zacatecas,5,2026-04-06 07:14,"$3,750,000 MXN","Casa disponible en venta en Trueno, Col. La Cañada, Guadalupe, Zacatecas, México, C.P. 98617, ID: 30923522",3 Recámaras | 2 Baños | 122 m 2,https://propiedades.comhttps://propiedades.com/inmuebles/casa-en-venta-trueno-la-canada-zacatecas-30923522
Zacatecas,5,2026-04-06 07:14,"$2,700,000 MXN","Venta de casa Jarsin Laguna #5, Col. Cañada de la Laguna II, Guadalupe, Zacatecas, México, C.P. 98604, ID: 30597040",3 Recámaras | 3 Baños | 170 m 2,https://propiedades.comhttps://propiedades.com/inmuebles/casa-en-venta-jarsin-laguna-5-canada-de-la-laguna-ii-zacatecas-30597040
Zacatecas,5,2026-04-06 07:14,"$1,650,000 MXN","Se vende casa Zacatecas #120, Col. Zacatecas Centro, Zacatecas, Zacatecas, México, C.P. 98000, ID: 29725196",2 Recámaras | 2 Baños | 135 m 2,https://propiedades.comhttps://propiedades.com/inmuebles/casa-en-venta-zacatecas-120-zacatecas-centro-zacatecas-29725196
Zacatecas,5,2026-04-06 07:14,"$2,980,000 MXN","Mesa de la herradura, Col. Colinas Del Padre, Zacatecas, Zacatecas, México, C.P. 98085, ID: 30380558",3 Recámaras | 2 Baños | 195 m 2,https://propiedades.comhttps://propiedades.com/inmuebles/casa-en-venta-mesa-de-la-herradura-colinas-del-padre-zacatecas-30380558
Zacatecas,5,2026-04-06 07:14,"$9,500,000 MXN","Venta de casa en Los Olivos, Col. Los Olivos, Fresnillo, Zacatecas, México, C.P. 99094, ID: 30232171",3 Recámaras | 2 Baños | 561 m 2,https://propiedades.comhttps://propiedades.com/inmuebles/casa-en-venta-los-olivos-los-olivos-zacatecas-30232171
Zacatecas,5,2026-04-06 07:14,"$4,400,000 MXN","Venta de casa Colina de Santa Cruz, Col. Las Colinas, Zacatecas, Zacatecas, México, C.P. 98098, ID: 30182976",4 Recámaras | 3 Baños | 259 m 2,https://propiedades.comhttps://propiedades.com/inmuebles/casa-en-venta-colina-de-santa-cruz-las-colinas-zacatecas-30182976
Zacatecas,5,2026-04-06 07:14,"$2,820,000 MXN","Venta de casa en Montes Apeninos, Col. Colinas Del Padre, Zacatecas, Zacatecas, México, C.P. 98085, ID: 29345165",3 Recámaras | 2 Baños | 170 m 2,https://propiedades.comhttps://propiedades.com/inmuebles/casa-en-venta-montes-apeninos-colinas-del-padre-zacatecas-29345165
Zacatecas,5,2026-04-06 07:14,"$2,600,000 MXN","Casa disponible en venta en copan #107, Col. Colinas Del Padre, Zacatecas, Zacatecas, México, C.P. 98085, ID: 30724394",3 Recámaras | 4 Baños | 149 m 2,https://propiedades.comhttps://propiedades.com/inmuebles/casa-en-venta-copan-107-colinas-del-padre-zacatecas-30724394
Zacatecas,5,2026-04-06 07:14,"$1,772,000 MXN","Venta de casa , Col. Privada Sauceda, Guadalupe, Zacatecas, México, C.P. 98612, ID: 30504723",4 Recámaras | 2 Baños | 77 m 2,https://propiedades.comhttps://propiedades.com/inmuebles/casa-en-venta-privada-sauceda-zacatecas-30504723
Zacatecas,5,2026-04-06 07:14,"$1,390,000 MXN","Venta de casa en San Isidro, Col. Lázaro Cárdenas, Zacatecas, Zacatecas, México, C.P. 98040, ID: 27722739",3 Recámaras | 1 Baño | 103 m 2,https://propiedades.comhttps://propiedades.com/inmuebles/casa-en-venta-san-isidro-lazaro-cardenas-zacatecas-27722739
Zacatecas,5,2026-04-06 07:14,"$4,190,000 MXN","Venta de casa , Col. Colinas Del Padre, Zacatecas, Zacatecas, México, C.P. 98085, ID: 30415030",3 Recámaras | 2 Baños | 240 m 2,https://propiedades.comhttps://propiedades.com/inmuebles/casa-en-venta-colinas-del-padre-zacatecas-30415030
Zacatecas,5,2026-04-06 07:14,"$1,480,000 MXN","Privada Orquideas, Col. Mina Azul, Guadalupe, Zacatecas, México, C.P. 98605, ID: 30915971",3 Recámaras | 2 Baños | 103 m 2,https://propiedades.comhttps://propiedades.com/inmuebles/casa-en-venta-privada-orquideas-mina-azul-zacatecas-30915971
Zacatecas,5,2026-04-06 07:14,"$1,680,000 MXN","Venta de casa , Col. Las Arboledas, Guadalupe, Zacatecas, México, C.P. 98608, ID: 30303268",3 Recámaras | 2 Baños | 110 m 2,https://propiedades.comhttps://propiedades.com/inmuebles/casa-en-venta-las-arboledas-zacatecas-30303268
Zacatecas,5,2026-04-06 07:14,"$3,999,000 MXN","Casa en venta, , Col. Colinas Del Padre, Zacatecas, Zacatecas, México, C.P. 98085, ID: 30497438",3 Recámaras | 2 Baños | 220 m 2,https://propiedades.comhttps://propiedades.com/inmuebles/casa-en-venta-colinas-del-padre-zacatecas-30497438
Zacatecas,5,2026-04-06 07:14,"$3,500,000 MXN","Casa disponible en venta en , Col. Zacatecas Centro, Zacatecas, Zacatecas, México, C.P. 98000, ID: 29929820",5 Recámaras | 3 Baños | 272 m 2,https://propiedades.comhttps://propiedades.com/inmuebles/casa-en-venta-zacatecas-centro-zacatecas-29929820
Zacatecas,5,2026-04-06 07:14,"$560,000 MXN","San Antonio Claret #Lote 8 mz 3, Col. Colinas del Real, Fresnillo, Zacatecas, México, C.P. 99014, ID: 29900728",3 Recámaras | 2 Baños | 140 m 2,https://propiedades.comhttps://propiedades.com/inmuebles/casa-en-venta-san-antonio-claret-lote-8-mz-3-colinas-del-real-zacatecas-29900728
Zacatecas,5,2026-04-06 07:14,"$4,450,000 MXN","Venta casa en Francisco Villa #104, Col. Sierra de Alica, Zacatecas, Zacatecas, México, C.P. 98050, ID: 30632322",3 Recámaras | 4 Baños | 285 m 2,https://propiedades.comhttps://propiedades.com/inmuebles/casa-en-venta-francisco-villa-104-sierra-de-alica-zacatecas-30632322
Zacatecas,5,2026-04-06 07:14,"$2,995,000 MXN","Venta de casa , Col. Ejidal, Guadalupe, Zacatecas, México, C.P. 98613, ID: 28584317",4 Recámaras | 3 Baños | 230 m 2,https://propiedades.comhttps://propiedades.com/inmuebles/casa-en-venta-ejidal-zacatecas-28584317
Zacatecas,5,2026-04-06 07:14,"$3,800,000 MXN","Lasalle #18, Col. Lasalle, Fresnillo, Zacatecas, México, C.P. 99040, ID: 30466440",5 Recámaras | 3 Baños | 288 m 2,https://propiedades.comhttps://propiedades.com/inmuebles/casa-en-venta-lasalle-18-lasalle-zacatecas-30466440
Zacatecas,5,2026-04-06 07:14,"$1,100,000 MXN","Privada Cipreses #2Int. 2, Col. La Fe, Guadalupe, Zacatecas, México, C.P. 98615, ID: 30471448",2 Recámaras | 1 Baño | 81 m 2,https://propiedades.comhttps://propiedades.com/inmuebles/casa-en-venta-privada-cipreses--2-la-fe-zacatecas-30471448
Zacatecas,5,2026-04-06 07:14,"$3,200,000 MXN","Se vende casa en , Col. Guadalupe Centro, Guadalupe, Zacatecas, México, C.P. 98600, ID: 27986215",3 Recámaras | 2 Baños | 204 m 2,https://propiedades.comhttps://propiedades.com/inmuebles/casa-en-venta-guadalupe-centro-zacatecas-27986215
Zacatecas,5,2026-04-06 07:14,"$2,700,000 MXN","Casa en venta disponible en DEL GRILLO, Col. Bancomer, Zacatecas, Zacatecas, México, C.P. 98040, ID: 17704524",8 Recámaras | 3 Baños | 220 m 2,https://propiedades.comhttps://propiedades.com/inmuebles/casa-en-venta-del-grillo-bancomer-zacatecas-17704524
Zacatecas,5,2026-04-06 07:14,"$1,100,000 MXN","JUANA GALLO #112, Col. Francisco Villa, Fresnillo, Zacatecas, México, C.P. 99054, ID: 28513402",2 Recámaras | 2 Baños | 101 m 2,https://propiedades.comhttps://propiedades.com/inmuebles/casa-en-venta-juana-gallo-112-francisco-villa-zacatecas-28513402
Zacatecas,5,2026-04-06 07:14,"$1,330,000 MXN","Venta de casa Cerro calvo, Col. La Cañada, Guadalupe, Zacatecas, México, C.P. 98617, ID: 30707013",2 Recámaras | 2 Baños | 65 m 2,https://propiedades.comhttps://propiedades.com/inmuebles/casa-en-venta-cerro-calvo-la-canada-zacatecas-30707013
Zacatecas,5,2026-04-06 07:14,"$2,850,000 MXN","Casa disponible en venta en , Col. Villas Universidad, Zacatecas, Zacatecas, México, C.P. 98160, ID: 29049159",3 Recámaras | 2 Baños | 169 m 2,https://propiedades.comhttps://propiedades.com/inmuebles/casa-en-venta-villas-universidad-zacatecas-29049159
Zacatecas,5,2026-04-06 07:14,"$2,650,000 MXN","Se vende casa VENEZUELA #12, Col. Las Américas, Fresnillo, Zacatecas, México, C.P. 99030, ID: 30567251",3 Recámaras | 3 Baños | 204 m 2,https://propiedades.comhttps://propiedades.com/inmuebles/casa-en-venta-venezuela-12-las-americas-zacatecas-30567251
Zacatecas,5,2026-04-06 07:14,"$4,300,000 MXN","Se vende casa en CIRCUITO UNIVERSITARIOS #11, Col. Del Fresno, Fresnillo, Zacatecas, México, C.P. 99050, ID: 30245433",5 Recámaras | 4 Baños | 250 m 2,https://propiedades.comhttps://propiedades.com/inmuebles/casa-en-venta-circuito-universitarios-11-del-fresno-zacatecas-30245433
Zacatecas,5,2026-04-06 07:14,"$1,400,000 MXN","Venta de casa en , Col. Gral. Felipe Angeles, Zacatecas, Zacatecas, México, C.P. 98054, ID: 28911751",6 Recámaras | 5 Baños | 184 m 2,https://propiedades.comhttps://propiedades.com/inmuebles/casa-en-venta-gral-felipe-angeles-zacatecas-28911751
Zacatecas,5,2026-04-06 07:14,"$1,650,000 MXN","Gardenias, Col. Las Flores, Fresnillo, Zacatecas, México, C.P. 99189, ID: 30248232",3 Recámaras | 1 Baño | 157 m 2,https://propiedades.comhttps://propiedades.com/inmuebles/casa-en-venta-gardenias-las-flores-zacatecas-30248232
Zacatecas,5,2026-04-06 07:14,"$1,377,000 MXN","Venta de casa en , Col. Lic. Abel Dávila García, Fresnillo, Zacatecas, México, C.P. 99094, ID: 30518234",3 Recámaras | 1 Baño | 39 m 2,https://propiedades.comhttps://propiedades.com/inmuebles/casa-en-venta-lic-abel-davila-garcia-zacatecas-30518234
Zacatecas,5,2026-04-06 07:14,"$1,180,000 MXN","Casa en venta disponible en , Col. Guadalupe Centro, Guadalupe, Zacatecas, México, C.P. 98600, ID: 28395935",2 Recámaras | 1 Baño | 71 m 2,https://propiedades.comhttps://propiedades.com/inmuebles/casa-en-venta-guadalupe-centro-zacatecas-28395935
Zacatecas,6,2026-04-06 07:14,"$630,000 MXN","ALJIBE COLONIA LOS TANQUES #121, Col. Venustiano Carranza, Fresnillo, Zacatecas, México, C.P. 99099, ID: 30231486",1 Recámara | 1 Baño | 80 m 2,https://propiedades.comhttps://propiedades.com/inmuebles/casa-en-venta-aljibe-colonia-los-tanques-121-venustiano-carranza-zacatecas-30231486
Zacatecas,6,2026-04-06 07:14,"$1,100,000 MXN","Venta de casa , Col. Cieneguitas, Guadalupe, Zacatecas, México, C.P. 98658, ID: 29503729",3 Recámaras | 1 Baño | 76 m 2,https://propiedades.comhttps://propiedades.com/inmuebles/casa-en-venta-cieneguitas-zacatecas-29503729
Zacatecas,6,2026-04-06 07:14,"$300,000 MXN","Casa en venta, CALLE AGUANAVAL #11, VILLAS DE PLATEROS, FRESNILLO, ZACATECAS. C.P. 9905 #13, Col. Villas de Plateros, Fresnillo, Zacatecas, México, C.P. 99056, ID: 29118233",2 Recámaras | 2 Baños | 100 m 2,https://propiedades.comhttps://propiedades.com/inmuebles/casa-en-venta-calle-aguanaval-11-villas-de-plateros-fresnillo-zacatecas-cp-9905-13-villas-de-plateros-zacatecas-29118233
Zacatecas,6,2026-04-06 07:14,"$4,200,000 MXN","Venta de casa , Col. Jerez, Jerez, Zacatecas, México, C.P. 99322, ID: 8048172",3 Recámaras | 2 Baños | 400 m 2,https://propiedades.comhttps://propiedades.com/inmuebles/casa-en-venta-jerez-zacatecas-8048172
Zacatecas,6,2026-04-06 07:14,"$1,445,000 MXN","Casa disponible en venta en , Col. Guadalupe Centro, Guadalupe, Zacatecas, México, C.P. 98600, ID: 28395936",3 Recámaras | 1 Baño | 110 m 2,https://propiedades.comhttps://propiedades.com/inmuebles/casa-en-venta-guadalupe-centro-zacatecas-28395936
Zacatecas,6,2026-04-06 07:14,"$2,900,000 MXN","Casa disponible en venta en Sin nombre de calle #100, Col. Barros Sierra, Zacatecas, Zacatecas, México, C.P. 98090, ID: 29168388",3 Recámaras | 3 Baños | 190 m 2,https://propiedades.comhttps://propiedades.com/inmuebles/casa-en-venta-sin-nombre-de-calle-100-barros-sierra-zacatecas-29168388
Zacatecas,6,2026-04-06 07:14,"$2,800,000 MXN","Venta de casa , Col. Fresnillo Centro, Fresnillo, Zacatecas, México, C.P. 99000, ID: 28082051",273 m 2,https://propiedades.comhttps://propiedades.com/inmuebles/casa-en-venta-fresnillo-centro-zacatecas-28082051
Zacatecas,6,2026-04-06 07:14,"$721,000 MXN",", Col. Guadalupe Centro, Guadalupe, Zacatecas, México, C.P. 98600, ID: 30332583",2 Recámaras | 1 Baño | 48 m 2,https://propiedades.comhttps://propiedades.com/inmuebles/casa-en-venta-guadalupe-centro-zacatecas-30332583
Zacatecas,6,2026-04-06 07:14,"$1,490,000 MXN","Casa en venta disponible en , Col. Villas Universidad, Zacatecas, Zacatecas, México, C.P. 98160, ID: 29827163",2 Recámaras | 1 Baño | 65 m 2,https://propiedades.comhttps://propiedades.com/inmuebles/casa-en-venta-villas-universidad-zacatecas-29827163
Zacatecas,6,2026-04-06 07:14,"$970,000 MXN","Casa en venta disponible en , Col. Guadalupe Centro, Guadalupe, Zacatecas, México, C.P. 98600, ID: 29918933",2 Recámaras | 1 Baño | 56 m 2,https://propiedades.comhttps://propiedades.com/inmuebles/casa-en-venta-guadalupe-centro-zacatecas-29918933
Zacatecas,6,2026-04-06 07:14,"$1,299,000 MXN",", Col. Guadalupe Centro, Guadalupe, Zacatecas, México, C.P. 98600, ID: 29251007",3 Recámaras | 1 Baño | 105 m 2,https://propiedades.comhttps://propiedades.com/inmuebles/casa-en-venta-guadalupe-centro-zacatecas-29251007
Zacatecas,6,2026-04-06 07:14,"$1,550,000 MXN",", Col. Guadalupe Centro, Guadalupe, Zacatecas, México, C.P. 98600, ID: 27370833",3 Recámaras | 1 Baño | 130 m 2,https://propiedades.comhttps://propiedades.com/inmuebles/casa-en-venta-guadalupe-centro-zacatecas-27370833
Zacatecas,6,2026-04-06 07:14,"$894,000 MXN",", Col. Ojo de Agua de La Palma, Guadalupe, Zacatecas, México, C.P. 98606, ID: 30157231",2 Recámaras | 1 Baño | 53 m 2,https://propiedades.comhttps://propiedades.com/inmuebles/casa-en-venta-ojo-de-agua-de-la-palma-zacatecas-30157231
